Record Length,2500,Points,0,-8.00E-01,,Record Length,2500,Points,0,8.00E-02
Sample Interval,4.00E-04,s,4.00E-04,-8.80E-01,,Sample Interval,4.00E-04,s,4.00E-04,8.00E-02
Trigger Point,0,Samples,8.00E-04,-8.80E-01,,Trigger Point,0,Samples,8.00E-04,8.00E-02
,,,1.20E-03,-8.80E-01,,,,,1.20E-03,8.00E-02
,,,1.60E-03,-9.60E-01,,,,,1.60E-03,8.00E-02
,,,2.00E-03,-9.60E-01,,,,,2.00E-03,8.00E-02
Source,CH1,,2.40E-03,-1.04,,Source,CH2,,2.40E-03,8.00E-02
Vertical Units,Volts,,2.80E-03,-1.04,,Vertical Units,Volts,,2.80E-03,8.00E-02
Vertical Scale,2,,3.20E-03,-1.04,,Vertical Scale,2,,3.20E-03,8.00E-02
Vertical Offset,0,,3.60E-03,-1.12,,Vertical Offset,0,,3.60E-03,8.00E-02
Horizontal Units,s,,4.00E-03,-1.12,,Horizontal Units,s,,4.00E-03,8.00E-02
Horizontal Scale,1.00E-01,,4.40E-03,-1.12,,Horizontal Scale,1.00E-01,,4.40E-03,8.00E-02
Pt Fmt,Y,,4.80E-03,-1.1999999,,Pt Fmt,Y,,4.80E-03,8.00E-02
Yzero,8.40E-01,,5.20E-03,-1.1999999,,Yzero,6.40E-01,,5.20E-03,8.00E-02
Probe Atten,1,,5.60E-03,-1.1999999,,Probe Atten,1,,5.60E-03,0
,,,6.00E-03,-1.28,,,,,6.00E-03,8.00E-02
Note,TBS 1072B-EDU - 2:54:55 PM   10/21/2025,,6.40E-03,-1.36,,Note,TBS 1072B-EDU - 2:54:55 PM   10/21/2025,,6.40E-03,8.00E-02
,,,6.80E-03,-1.36,,,,,6.80E-03,8.00E-02
,,,7.20E-03,-1.36,,,,,7.20E-03,8.00E-02
,,,7.60E-03,-1.36,,,,,7.60E-03,8.00E-02
,,,8.00E-03,-1.4399999,,,,,8.00E-03,8.00E-02
,,,8.40E-03,-1.4399999,,,,,8.40E-03,0
,,,8.80E-03,-1.4399999,,,,,8.80E-03,8.00E-02
,,,9.20E-03,-1.4399999,,,,,9.20E-03,8.00E-02
,,,9.60E-03,-1.52,,,,,9.60E-03,8.00E-02
,,,1.00E-02,-1.5999999,,,,,1.00E-02,8.00E-02
,,,1.04E-02,-1.5999999,,,,,1.04E-02,8.00E-02
,,,1.08E-02,-1.6799999,,,,,1.08E-02,8.00E-02
,,,1.12E-02,-1.6799999,,,,,1.12E-02,8.00E-02
,,,1.16E-02,-1.6799999,,,,,1.16E-02,8.00E-02
,,,1.20E-02,-1.6799999,,,,,1.20E-02,0
,,,1.24E-02,-1.76,,,,,1.24E-02,8.00E-02
,,,1.28E-02,-1.76,,,,,1.28E-02,8.00E-02
,,,1.32E-02,-1.76,,,,,1.32E-02,8.00E-02
,,,1.36E-02,-1.8399999,,,,,1.36E-02,8.00E-02
,,,1.40E-02,-1.8399999,,,,,1.40E-02,8.00E-02
,,,1.44E-02,-1.92,,,,,1.44E-02,0
,,,1.48E-02,-1.92,,,,,1.48E-02,8.00E-02
,,,1.52E-02,-1.92,,,,,1.52E-02,0
,,,1.56E-02,-1.92,,,,,1.56E-02,8.00E-02
,,,1.60E-02,-1.92,,,,,1.60E-02,0
,,,1.64E-02,-1.92,,,,,1.64E-02,8.00E-02
,,,1.68E-02,-1.92,,,,,1.68E-02,8.00E-02
,,,1.72E-02,-1.8399999,,,,,1.72E-02,8.00E-02
,,,1.76E-02,-1.8399999,,,,,1.76E-02,8.00E-02
,,,1.80E-02,-1.76,,,,,1.80E-02,0
,,,1.84E-02,-1.8399999,,,,,1.84E-02,0
,,,1.88E-02,-1.76,,,,,1.88E-02,0
,,,1.92E-02,-1.76,,,,,1.92E-02,8.00E-02
,,,1.96E-02,-1.6799999,,,,,1.96E-02,8.00E-02
,,,2.00E-02,-1.6799999,,,,,2.00E-02,8.00E-02
,,,2.04E-02,-1.5999999,,,,,2.04E-02,8.00E-02
,,,2.08E-02,-1.5999999,,,,,2.08E-02,8.00E-02
,,,2.12E-02,-1.5999999,,,,,2.12E-02,0
,,,2.16E-02,-1.52,,,,,2.16E-02,8.00E-02
,,,2.20E-02,-1.52,,,,,2.20E-02,8.00E-02
,,,2.24E-02,-1.52,,,,,2.24E-02,8.00E-02
,,,2.28E-02,-1.52,,,,,2.28E-02,0
,,,2.32E-02,-1.4399999,,,,,2.32E-02,8.00E-02
,,,2.36E-02,-1.4399999,,,,,2.36E-02,8.00E-02
,,,2.40E-02,-1.36,,,,,2.40E-02,8.00E-02
,,,2.44E-02,-1.28,,,,,2.44E-02,0
,,,2.48E-02,-1.36,,,,,2.48E-02,8.00E-02
,,,2.52E-02,-1.36,,,,,2.52E-02,8.00E-02
,,,2.56E-02,-1.28,,,,,2.56E-02,8.00E-02
,,,2.60E-02,-1.1999999,,,,,2.60E-02,8.00E-02
,,,2.64E-02,-1.1999999,,,,,2.64E-02,8.00E-02
,,,2.68E-02,-1.12,,,,,2.68E-02,8.00E-02
,,,2.72E-02,-1.12,,,,,2.72E-02,0
,,,2.76E-02,-1.12,,,,,2.76E-02,8.00E-02
,,,2.80E-02,-1.04,,,,,2.80E-02,0
,,,2.84E-02,-1.12,,,,,2.84E-02,8.00E-02
,,,2.88E-02,-1.04,,,,,2.88E-02,8.00E-02
,,,2.92E-02,-9.60E-01,,,,,2.92E-02,8.00E-02
,,,2.96E-02,-9.60E-01,,,,,2.96E-02,8.00E-02
,,,3.00E-02,-9.60E-01,,,,,3.00E-02,8.00E-02
,,,3.04E-02,-8.80E-01,,,,,3.04E-02,8.00E-02
,,,3.08E-02,-8.80E-01,,,,,3.08E-02,8.00E-02
,,,3.12E-02,-8.80E-01,,,,,3.12E-02,8.00E-02
,,,3.16E-02,-8.00E-01,,,,,3.16E-02,8.00E-02
,,,3.20E-02,-8.00E-01,,,,,3.20E-02,8.00E-02
,,,3.24E-02,-8.00E-01,,,,,3.24E-02,8.00E-02
,,,3.28E-02,-8.00E-01,,,,,3.28E-02,8.00E-02
,,,3.32E-02,-7.20E-01,,,,,3.32E-02,8.00E-02
,,,3.36E-02,-7.20E-01,,,,,3.36E-02,8.00E-02
,,,3.40E-02,-6.40E-01,,,,,3.40E-02,8.00E-02
,,,3.44E-02,-11.9200001,,,,,3.44E-02,-11.5199995
,,,3.48E-02,-11.9200001,,,,,3.48E-02,-11.5199995
,,,3.52E-02,-11.9200001,,,,,3.52E-02,-11.5199995
,,,3.56E-02,-11.9200001,,,,,3.56E-02,-11.5199995
,,,3.60E-02,-11.9200001,,,,,3.60E-02,-11.5199995
,,,3.64E-02,-11.9200001,,,,,3.64E-02,-11.5199995
,,,3.68E-02,-11.9200001,,,,,3.68E-02,-11.5199995
,,,3.72E-02,-11.9200001,,,,,3.72E-02,-11.5199995
,,,3.76E-02,-11.9200001,,,,,3.76E-02,-11.5199995
,,,3.80E-02,-11.9200001,,,,,3.80E-02,-11.5199995
,,,3.84E-02,-11.9200001,,,,,3.84E-02,-11.5199995
,,,3.88E-02,-11.9200001,,,,,3.88E-02,-11.5199995
,,,3.92E-02,-11.9200001,,,,,3.92E-02,-11.5199995
,,,3.96E-02,-11.9200001,,,,,3.96E-02,-11.5199995
,,,4.00E-02,-11.9200001,,,,,4.00E-02,-11.5199995
,,,4.04E-02,-11.9200001,,,,,4.04E-02,-11.5199995
,,,4.08E-02,-11.9200001,,,,,4.08E-02,-11.5199995
,,,4.12E-02,-11.9200001,,,,,4.12E-02,-11.5199995
,,,4.16E-02,-11.9200001,,,,,4.16E-02,-11.5199995
,,,4.20E-02,-11.9200001,,,,,4.20E-02,-11.5199995
,,,4.24E-02,-11.9200001,,,,,4.24E-02,-11.5199995
,,,4.28E-02,-11.9200001,,,,,4.28E-02,-11.5199995
,,,4.32E-02,-11.9200001,,,,,4.32E-02,-11.5199995
,,,4.36E-02,-11.9200001,,,,,4.36E-02,-11.5199995
,,,4.40E-02,-11.9200001,,,,,4.40E-02,-11.5199995
,,,4.44E-02,-11.9200001,,,,,4.44E-02,-11.5199995
,,,4.48E-02,-11.9200001,,,,,4.48E-02,-11.5199995
,,,4.52E-02,-11.9200001,,,,,4.52E-02,-11.5199995
,,,4.56E-02,-11.9200001,,,,,4.56E-02,-11.5199995
,,,4.60E-02,-11.9200001,,,,,4.60E-02,-11.5199995
,,,4.64E-02,-11.9200001,,,,,4.64E-02,-11.5199995
,,,4.68E-02,-11.9200001,,,,,4.68E-02,-11.5199995
,,,4.72E-02,-11.9200001,,,,,4.72E-02,-11.5199995
,,,4.76E-02,-11.9200001,,,,,4.76E-02,-11.5199995
,,,4.80E-02,-11.9200001,,,,,4.80E-02,-11.5199995
,,,4.84E-02,-11.9200001,,,,,4.84E-02,-11.5199995
,,,4.88E-02,-11.9200001,,,,,4.88E-02,-11.5199995
,,,4.92E-02,-11.9200001,,,,,4.92E-02,-11.5199995
,,,4.96E-02,-11.9200001,,,,,4.96E-02,-11.5199995
,,,5.00E-02,-11.9200001,,,,,5.00E-02,-11.5199995
,,,5.04E-02,-11.9200001,,,,,5.04E-02,-11.5199995
,,,5.08E-02,-11.9200001,,,,,5.08E-02,-11.5199995
,,,5.12E-02,-11.9200001,,,,,5.12E-02,-11.5199995
,,,5.16E-02,-11.9200001,,,,,5.16E-02,-11.5199995
,,,5.20E-02,-11.9200001,,,,,5.20E-02,-11.5199995
,,,5.24E-02,-11.9200001,,,,,5.24E-02,-11.5199995
,,,5.28E-02,-11.9200001,,,,,5.28E-02,-11.5199995
,,,5.32E-02,-11.9200001,,,,,5.32E-02,-11.5199995
,,,5.36E-02,-11.9200001,,,,,5.36E-02,-11.5199995
,,,5.40E-02,-11.9200001,,,,,5.40E-02,-11.5199995
,,,5.44E-02,-11.9200001,,,,,5.44E-02,-11.5199995
,,,5.48E-02,-11.9200001,,,,,5.48E-02,-11.5199995
,,,5.52E-02,-11.9200001,,,,,5.52E-02,-11.5199995
,,,5.56E-02,-11.9200001,,,,,5.56E-02,-11.5199995
,,,5.60E-02,-11.9200001,,,,,5.60E-02,-11.5199995
,,,5.64E-02,-11.9200001,,,,,5.64E-02,-11.5199995
,,,5.68E-02,-11.9200001,,,,,5.68E-02,-11.5199995
,,,5.72E-02,-11.9200001,,,,,5.72E-02,-11.5199995
,,,5.76E-02,-11.9200001,,,,,5.76E-02,-11.5199995
,,,5.80E-02,-11.9200001,,,,,5.80E-02,-11.5199995
,,,5.84E-02,-11.9200001,,,,,5.84E-02,-11.5199995
,,,5.88E-02,-11.9200001,,,,,5.88E-02,-11.5199995
,,,5.92E-02,-11.9200001,,,,,5.92E-02,-11.5199995
,,,5.96E-02,-11.9200001,,,,,5.96E-02,-11.5199995
,,,6.00E-02,-11.9200001,,,,,6.00E-02,-11.5199995
,,,6.04E-02,-11.9200001,,,,,6.04E-02,-11.5199995
,,,6.08E-02,-11.9200001,,,,,6.08E-02,-11.5199995
,,,6.12E-02,-11.9200001,,,,,6.12E-02,-11.5199995
,,,6.16E-02,-11.9200001,,,,,6.16E-02,-11.5199995
,,,6.20E-02,-11.9200001,,,,,6.20E-02,-11.5199995
,,,6.24E-02,-11.9200001,,,,,6.24E-02,-11.5199995
,,,6.28E-02,-11.9200001,,,,,6.28E-02,-11.5199995
,,,6.32E-02,-11.9200001,,,,,6.32E-02,-11.5199995
,,,6.36E-02,-11.9200001,,,,,6.36E-02,-11.5199995
,,,6.40E-02,-11.9200001,,,,,6.40E-02,-11.5199995
,,,6.44E-02,-11.9200001,,,,,6.44E-02,-11.5199995
,,,6.48E-02,-11.9200001,,,,,6.48E-02,-11.5199995
,,,6.52E-02,-11.9200001,,,,,6.52E-02,-11.5199995
,,,6.56E-02,-11.9200001,,,,,6.56E-02,-11.5199995
,,,6.60E-02,-11.9200001,,,,,6.60E-02,-11.5199995
,,,6.64E-02,-11.9200001,,,,,6.64E-02,-11.5199995
,,,6.68E-02,-11.9200001,,,,,6.68E-02,-11.5199995
,,,6.72E-02,-11.9200001,,,,,6.72E-02,-11.5199995
,,,6.76E-02,-11.9200001,,,,,6.76E-02,-11.5199995
,,,6.80E-02,-11.9200001,,,,,6.80E-02,-11.5199995
,,,6.84E-02,-11.9200001,,,,,6.84E-02,-11.5199995
,,,6.88E-02,-11.9200001,,,,,6.88E-02,-11.5199995
,,,6.92E-02,-11.9200001,,,,,6.92E-02,-11.5199995
,,,6.96E-02,-11.9200001,,,,,6.96E-02,-11.5199995
,,,7.00E-02,-11.9200001,,,,,7.00E-02,-11.5199995
,,,7.04E-02,-11.9200001,,,,,7.04E-02,-11.5199995
,,,7.08E-02,-11.9200001,,,,,7.08E-02,-11.5199995
,,,7.12E-02,-11.9200001,,,,,7.12E-02,-11.5199995
,,,7.16E-02,-11.9200001,,,,,7.16E-02,-11.5199995
,,,7.20E-02,-11.9200001,,,,,7.20E-02,-11.5199995
,,,7.24E-02,-11.9200001,,,,,7.24E-02,-11.5199995
,,,7.28E-02,-11.9200001,,,,,7.28E-02,-11.5199995
,,,7.32E-02,-11.9200001,,,,,7.32E-02,-11.5199995
,,,7.36E-02,-11.9200001,,,,,7.36E-02,-11.5199995
,,,7.40E-02,-11.9200001,,,,,7.40E-02,-11.5199995
,,,7.44E-02,-11.9200001,,,,,7.44E-02,-11.5199995
,,,7.48E-02,-11.9200001,,,,,7.48E-02,-11.5199995
,,,7.52E-02,-11.9200001,,,,,7.52E-02,-11.5199995
,,,7.56E-02,-11.9200001,,,,,7.56E-02,-11.5199995
,,,7.60E-02,-11.9200001,,,,,7.60E-02,-11.5199995
,,,7.64E-02,-11.9200001,,,,,7.64E-02,-11.5199995
,,,7.68E-02,-11.9200001,,,,,7.68E-02,-11.5199995
,,,7.72E-02,-11.9200001,,,,,7.72E-02,-11.5199995
,,,7.76E-02,-11.9200001,,,,,7.76E-02,-11.5199995
,,,7.80E-02,-11.9200001,,,,,7.80E-02,-11.5199995
,,,7.84E-02,-11.9200001,,,,,7.84E-02,-11.5199995
,,,7.88E-02,-11.9200001,,,,,7.88E-02,-11.5199995
,,,7.92E-02,-11.9200001,,,,,7.92E-02,-11.5199995
,,,7.96E-02,-11.9200001,,,,,7.96E-02,-11.5199995
,,,8.00E-02,-11.9200001,,,,,8.00E-02,-11.5199995
,,,8.04E-02,-11.9200001,,,,,8.04E-02,-11.5199995
,,,8.08E-02,-11.9200001,,,,,8.08E-02,-11.5199995
,,,8.12E-02,-11.9200001,,,,,8.12E-02,-11.5199995
,,,8.16E-02,-11.9200001,,,,,8.16E-02,-11.5199995
,,,8.20E-02,-11.9200001,,,,,8.20E-02,-11.5199995
,,,8.24E-02,-11.9200001,,,,,8.24E-02,-11.5199995
,,,8.28E-02,-11.9200001,,,,,8.28E-02,-11.5199995
,,,8.32E-02,-11.9200001,,,,,8.32E-02,-11.5199995
,,,8.36E-02,-11.9200001,,,,,8.36E-02,-11.5199995
,,,8.40E-02,-11.9200001,,,,,8.40E-02,-11.5199995
,,,8.44E-02,-11.9200001,,,,,8.44E-02,-11.5199995
,,,8.48E-02,-11.9200001,,,,,8.48E-02,-11.5199995
,,,8.52E-02,-11.9200001,,,,,8.52E-02,-11.5199995
,,,8.56E-02,-11.9200001,,,,,8.56E-02,-11.5199995
,,,8.60E-02,-11.9200001,,,,,8.60E-02,-11.5199995
,,,8.64E-02,-11.9200001,,,,,8.64E-02,-11.5199995
,,,8.68E-02,-11.9200001,,,,,8.68E-02,-11.5199995
,,,8.72E-02,-11.9200001,,,,,8.72E-02,-11.5199995
,,,8.76E-02,-11.9200001,,,,,8.76E-02,-11.5199995
,,,8.80E-02,-11.9200001,,,,,8.80E-02,-11.5199995
,,,8.84E-02,-11.9200001,,,,,8.84E-02,-11.5199995
,,,8.88E-02,-11.9200001,,,,,8.88E-02,-11.5199995
,,,8.92E-02,-11.9200001,,,,,8.92E-02,-11.5199995
,,,8.96E-02,-11.9200001,,,,,8.96E-02,-11.5199995
,,,9.00E-02,-11.9200001,,,,,9.00E-02,-11.5199995
,,,9.04E-02,-11.9200001,,,,,9.04E-02,-11.5199995
,,,9.08E-02,-11.9200001,,,,,9.08E-02,-11.5199995
,,,9.12E-02,-11.9200001,,,,,9.12E-02,-11.5199995
,,,9.16E-02,-11.9200001,,,,,9.16E-02,-11.5199995
,,,9.20E-02,-11.9200001,,,,,9.20E-02,-11.5199995
,,,9.24E-02,-11.9200001,,,,,9.24E-02,-11.5199995
,,,9.28E-02,-11.9200001,,,,,9.28E-02,-11.5199995
,,,9.32E-02,-11.9200001,,,,,9.32E-02,-11.5199995
,,,9.36E-02,-11.9200001,,,,,9.36E-02,-11.5199995
,,,9.40E-02,-11.9200001,,,,,9.40E-02,-11.5199995
,,,9.44E-02,-11.9200001,,,,,9.44E-02,-11.5199995
,,,9.48E-02,-11.9200001,,,,,9.48E-02,-11.5199995
,,,9.52E-02,-11.9200001,,,,,9.52E-02,-11.5199995
,,,9.56E-02,-11.9200001,,,,,9.56E-02,-11.5199995
,,,9.60E-02,-11.9200001,,,,,9.60E-02,-11.5199995
,,,9.64E-02,-11.9200001,,,,,9.64E-02,-11.5199995
,,,9.68E-02,-11.9200001,,,,,9.68E-02,-11.5199995
,,,9.72E-02,-11.9200001,,,,,9.72E-02,-11.5199995
,,,9.76E-02,-11.9200001,,,,,9.76E-02,-11.5199995
,,,9.80E-02,-11.9200001,,,,,9.80E-02,-11.5199995
,,,9.84E-02,-11.9200001,,,,,9.84E-02,-11.5199995
,,,9.88E-02,-11.9200001,,,,,9.88E-02,-11.5199995
,,,9.92E-02,-11.9200001,,,,,9.92E-02,-11.5199995
,,,9.96E-02,-11.9200001,,,,,9.96E-02,-11.5199995
,,,1.00E-01,-11.9200001,,,,,1.00E-01,-11.5199995
,,,1.00E-01,-11.9200001,,,,,1.00E-01,-11.5199995
,,,1.01E-01,-11.9200001,,,,,1.01E-01,-11.5199995
,,,1.01E-01,-11.9200001,,,,,1.01E-01,-11.5199995
,,,1.02E-01,-11.9200001,,,,,1.02E-01,-11.5199995
,,,1.02E-01,-11.9200001,,,,,1.02E-01,-11.5199995
,,,1.02E-01,-11.9200001,,,,,1.02E-01,-11.5199995
,,,1.03E-01,-11.9200001,,,,,1.03E-01,-11.5199995
,,,1.03E-01,-11.9200001,,,,,1.03E-01,-11.5199995
,,,1.04E-01,-11.9200001,,,,,1.04E-01,-11.5199995
,,,1.04E-01,-11.9200001,,,,,1.04E-01,-11.5199995
,,,1.04E-01,-11.9200001,,,,,1.04E-01,-11.5199995
,,,1.05E-01,-11.9200001,,,,,1.05E-01,-11.5199995
,,,1.05E-01,-11.9200001,,,,,1.05E-01,-11.5199995
,,,1.06E-01,-11.9200001,,,,,1.06E-01,-11.5199995
,,,1.06E-01,-11.9200001,,,,,1.06E-01,-11.5199995
,,,1.06E-01,-11.9200001,,,,,1.06E-01,-11.5199995
,,,1.07E-01,-11.9200001,,,,,1.07E-01,-11.5199995
,,,1.07E-01,-11.9200001,,,,,1.07E-01,-11.5199995
,,,1.08E-01,-11.9200001,,,,,1.08E-01,-11.5199995
,,,1.08E-01,-11.9200001,,,,,1.08E-01,-11.5199995
,,,1.08E-01,-11.9200001,,,,,1.08E-01,-11.5199995
,,,1.09E-01,-11.9200001,,,,,1.09E-01,-11.5199995
,,,1.09E-01,-11.9200001,,,,,1.09E-01,-11.5199995
,,,1.10E-01,-11.9200001,,,,,1.10E-01,-11.5199995
,,,1.10E-01,-11.9200001,,,,,1.10E-01,-11.5199995
,,,1.10E-01,-11.9200001,,,,,1.10E-01,-11.5199995
,,,1.11E-01,-11.9200001,,,,,1.11E-01,-11.5199995
,,,1.11E-01,-11.9200001,,,,,1.11E-01,-11.5199995
,,,1.12E-01,-11.9200001,,,,,1.12E-01,-11.5199995
,,,1.12E-01,-11.9200001,,,,,1.12E-01,-11.5199995
,,,1.12E-01,-11.9200001,,,,,1.12E-01,-11.5199995
,,,1.13E-01,-11.9200001,,,,,1.13E-01,-11.5199995
,,,1.13E-01,-11.9200001,,,,,1.13E-01,-11.5199995
,,,1.14E-01,-11.9200001,,,,,1.14E-01,-11.5199995
,,,1.14E-01,-11.9200001,,,,,1.14E-01,-11.5199995
,,,1.14E-01,-11.9200001,,,,,1.14E-01,-11.5199995
,,,1.15E-01,-11.9200001,,,,,1.15E-01,-11.5199995
,,,1.15E-01,-11.9200001,,,,,1.15E-01,-11.5199995
,,,1.16E-01,-11.9200001,,,,,1.16E-01,-11.5199995
,,,1.16E-01,-11.9200001,,,,,1.16E-01,-11.5199995
,,,1.16E-01,-11.9200001,,,,,1.16E-01,-11.5199995
,,,1.17E-01,-11.9200001,,,,,1.17E-01,-11.5199995
,,,1.17E-01,-11.9200001,,,,,1.17E-01,-11.5199995
,,,1.18E-01,-11.9200001,,,,,1.18E-01,-11.5199995
,,,1.18E-01,-11.9200001,,,,,1.18E-01,-11.5199995
,,,1.18E-01,-11.9200001,,,,,1.18E-01,-11.5199995
,,,1.19E-01,-11.9200001,,,,,1.19E-01,-11.5199995
,,,1.19E-01,-11.9200001,,,,,1.19E-01,-11.5199995
,,,1.20E-01,-11.9200001,,,,,1.20E-01,-11.5199995
,,,1.20E-01,-11.9200001,,,,,1.20E-01,-11.5199995
,,,1.20E-01,-11.9200001,,,,,1.20E-01,-11.5199995
,,,1.21E-01,-11.9200001,,,,,1.21E-01,-11.5199995
,,,1.21E-01,-11.9200001,,,,,1.21E-01,-11.5199995
,,,1.22E-01,-11.9200001,,,,,1.22E-01,-11.5199995
,,,1.22E-01,-11.9200001,,,,,1.22E-01,-11.5199995
,,,1.22E-01,-11.9200001,,,,,1.22E-01,-11.5199995
,,,1.23E-01,-11.9200001,,,,,1.23E-01,-11.5199995
,,,1.23E-01,-11.9200001,,,,,1.23E-01,-11.5199995
,,,1.24E-01,-11.9200001,,,,,1.24E-01,-11.5199995
,,,1.24E-01,-11.9200001,,,,,1.24E-01,-11.5199995
,,,1.24E-01,-11.9200001,,,,,1.24E-01,-11.5199995
,,,1.25E-01,-11.9200001,,,,,1.25E-01,-11.5199995
,,,1.25E-01,-11.9200001,,,,,1.25E-01,-11.5199995
,,,1.26E-01,-11.9200001,,,,,1.26E-01,-11.5199995
,,,1.26E-01,-11.9200001,,,,,1.26E-01,-11.5199995
,,,1.26E-01,-11.9200001,,,,,1.26E-01,-11.5199995
,,,1.27E-01,-11.9200001,,,,,1.27E-01,-11.5199995
,,,1.27E-01,-11.9200001,,,,,1.27E-01,-11.5199995
,,,1.28E-01,-11.9200001,,,,,1.28E-01,-11.5199995
,,,1.28E-01,-11.9200001,,,,,1.28E-01,-11.5199995
,,,1.28E-01,-11.9200001,,,,,1.28E-01,-11.5199995
,,,1.29E-01,-11.9200001,,,,,1.29E-01,-11.5199995
,,,1.29E-01,-11.9200001,,,,,1.29E-01,-11.5199995
,,,1.30E-01,-11.9200001,,,,,1.30E-01,-11.5199995
,,,1.30E-01,-11.9200001,,,,,1.30E-01,-11.5199995
,,,1.30E-01,-11.9200001,,,,,1.30E-01,-11.5199995
,,,1.31E-01,-11.9200001,,,,,1.31E-01,-11.5199995
,,,1.31E-01,-11.9200001,,,,,1.31E-01,-11.5199995
,,,1.32E-01,-11.9200001,,,,,1.32E-01,-11.5199995
,,,1.32E-01,-11.9200001,,,,,1.32E-01,-11.5199995
,,,1.32E-01,-11.9200001,,,,,1.32E-01,-11.5199995
,,,1.33E-01,-11.9200001,,,,,1.33E-01,-11.5199995
,,,1.33E-01,-11.9200001,,,,,1.33E-01,-11.5199995
,,,1.34E-01,-11.9200001,,,,,1.34E-01,-11.5199995
,,,1.34E-01,-11.9200001,,,,,1.34E-01,-11.5199995
,,,1.34E-01,2.72000003,,,,,1.34E-01,2
,,,1.35E-01,2.72000003,,,,,1.35E-01,2
,,,1.35E-01,2.6399999,,,,,1.35E-01,2
,,,1.36E-01,2.6399999,,,,,1.36E-01,1.92
,,,1.36E-01,2.72000003,,,,,1.36E-01,1.92
,,,1.36E-01,2.6399999,,,,,1.36E-01,1.92
,,,1.37E-01,2.6399999,,,,,1.37E-01,1.8399999
,,,1.37E-01,2.5599999,,,,,1.37E-01,1.8399999
,,,1.38E-01,2.5599999,,,,,1.38E-01,1.8399999
,,,1.38E-01,2.5599999,,,,,1.38E-01,1.8399999
,,,1.38E-01,2.5599999,,,,,1.38E-01,1.8399999
,,,1.39E-01,2.48,,,,,1.39E-01,1.8399999
,,,1.39E-01,2.48,,,,,1.39E-01,1.76
,,,1.40E-01,2.48,,,,,1.40E-01,1.76
,,,1.40E-01,2.48,,,,,1.40E-01,1.6799999
,,,1.40E-01,2.48,,,,,1.40E-01,1.76
,,,1.41E-01,2.3999999,,,,,1.41E-01,1.6799999
,,,1.41E-01,2.3999999,,,,,1.41E-01,1.6799999
,,,1.42E-01,2.3999999,,,,,1.42E-01,1.6799999
,,,1.42E-01,2.3999999,,,,,1.42E-01,1.5999999
,,,1.42E-01,2.3999999,,,,,1.42E-01,1.5999999
,,,1.43E-01,2.3199999,,,,,1.43E-01,1.5999999
,,,1.43E-01,2.3199999,,,,,1.43E-01,1.5999999
,,,1.44E-01,2.3199999,,,,,1.44E-01,1.5999999
,,,1.44E-01,2.3199999,,,,,1.44E-01,1.52
,,,1.44E-01,2.24,,,,,1.44E-01,1.5999999
,,,1.45E-01,2.3199999,,,,,1.45E-01,1.52
,,,1.45E-01,2.24,,,,,1.45E-01,1.52
,,,1.46E-01,2.1599998,,,,,1.46E-01,1.52
,,,1.46E-01,2.1599998,,,,,1.46E-01,1.4399999
,,,1.46E-01,2.1599998,,,,,1.46E-01,1.4399999
,,,1.47E-01,2.0799999,,,,,1.47E-01,1.4399999
,,,1.47E-01,2.1599998,,,,,1.47E-01,1.4399999
,,,1.48E-01,2.0799999,,,,,1.48E-01,1.4399999
,,,1.48E-01,2.0799999,,,,,1.48E-01,1.36
,,,1.48E-01,2.0799999,,,,,1.48E-01,1.36
,,,1.49E-01,2.0799999,,,,,1.49E-01,1.36
,,,1.49E-01,2.0799999,,,,,1.49E-01,1.36
,,,1.50E-01,2,,,,,1.50E-01,1.28
,,,1.50E-01,2,,,,,1.50E-01,1.28
,,,1.50E-01,1.92,,,,,1.50E-01,1.28
,,,1.51E-01,2,,,,,1.51E-01,1.28
,,,1.51E-01,2,,,,,1.51E-01,1.1999999
,,,1.52E-01,1.92,,,,,1.52E-01,1.1999999
,,,1.52E-01,1.92,,,,,1.52E-01,1.1999999
,,,1.52E-01,1.92,,,,,1.52E-01,1.1999999
,,,1.53E-01,1.92,,,,,1.53E-01,1.12
,,,1.53E-01,1.8399999,,,,,1.53E-01,1.12
,,,1.54E-01,1.8399999,,,,,1.54E-01,1.12
,,,1.54E-01,1.92,,,,,1.54E-01,1.12
,,,1.54E-01,1.8399999,,,,,1.54E-01,1.12
,,,1.55E-01,1.8399999,,,,,1.55E-01,1.04
,,,1.55E-01,1.76,,,,,1.55E-01,1.04
,,,1.56E-01,1.8399999,,,,,1.56E-01,1.04
,,,1.56E-01,1.76,,,,,1.56E-01,1.04
,,,1.56E-01,1.6799999,,,,,1.56E-01,1.04
,,,1.57E-01,1.76,,,,,1.57E-01,1.04
,,,1.57E-01,1.6799999,,,,,1.57E-01,1.04
,,,1.58E-01,1.5999999,,,,,1.58E-01,9.60E-01
,,,1.58E-01,1.6799999,,,,,1.58E-01,9.60E-01
,,,1.58E-01,1.5999999,,,,,1.58E-01,8.80E-01
,,,1.59E-01,1.5999999,,,,,1.59E-01,9.60E-01
,,,1.59E-01,1.6799999,,,,,1.59E-01,8.80E-01
,,,1.60E-01,1.5999999,,,,,1.60E-01,8.80E-01
,,,1.60E-01,1.5999999,,,,,1.60E-01,8.80E-01
,,,1.60E-01,1.5999999,,,,,1.60E-01,8.00E-01
,,,1.61E-01,1.5999999,,,,,1.61E-01,8.80E-01
,,,1.61E-01,1.52,,,,,1.61E-01,8.00E-01
,,,1.62E-01,1.4399999,,,,,1.62E-01,8.00E-01
,,,1.62E-01,1.52,,,,,1.62E-01,7.20E-01
,,,1.62E-01,1.52,,,,,1.62E-01,7.20E-01
,,,1.63E-01,1.4399999,,,,,1.63E-01,7.20E-01
,,,1.63E-01,1.4399999,,,,,1.63E-01,7.20E-01
,,,1.64E-01,1.4399999,,,,,1.64E-01,7.20E-01
,,,1.64E-01,1.4399999,,,,,1.64E-01,6.40E-01
,,,1.64E-01,1.36,,,,,1.64E-01,6.40E-01
,,,1.65E-01,1.36,,,,,1.65E-01,6.40E-01
,,,1.65E-01,1.36,,,,,1.65E-01,6.40E-01
,,,1.66E-01,1.28,,,,,1.66E-01,5.60E-01
,,,1.66E-01,1.28,,,,,1.66E-01,5.60E-01
,,,1.66E-01,1.28,,,,,1.66E-01,5.60E-01
,,,1.67E-01,1.28,,,,,1.67E-01,5.60E-01
,,,1.67E-01,1.28,,,,,1.67E-01,5.60E-01
,,,1.68E-01,1.1999999,,,,,1.68E-01,5.60E-01
,,,1.68E-01,1.1999999,,,,,1.68E-01,4.80E-01
,,,1.68E-01,1.1999999,,,,,1.68E-01,4.80E-01
,,,1.69E-01,1.1999999,,,,,1.69E-01,4.80E-01
,,,1.69E-01,1.12,,,,,1.69E-01,4.00E-01
,,,1.70E-01,1.12,,,,,1.70E-01,4.00E-01
,,,1.70E-01,1.1999999,,,,,1.70E-01,4.00E-01
,,,1.70E-01,1.12,,,,,1.70E-01,4.00E-01
,,,1.71E-01,1.12,,,,,1.71E-01,4.00E-01
,,,1.71E-01,1.12,,,,,1.71E-01,3.20E-01
,,,1.72E-01,1.04,,,,,1.72E-01,3.20E-01
,,,1.72E-01,1.04,,,,,1.72E-01,3.20E-01
,,,1.72E-01,1.04,,,,,1.72E-01,3.20E-01
,,,1.73E-01,9.60E-01,,,,,1.73E-01,3.20E-01
,,,1.73E-01,9.60E-01,,,,,1.73E-01,3.20E-01
,,,1.74E-01,9.60E-01,,,,,1.74E-01,2.40E-01
,,,1.74E-01,9.60E-01,,,,,1.74E-01,2.40E-01
,,,1.74E-01,8.80E-01,,,,,1.74E-01,2.40E-01
,,,1.75E-01,8.80E-01,,,,,1.75E-01,2.40E-01
,,,1.75E-01,8.80E-01,,,,,1.75E-01,2.40E-01
,,,1.76E-01,8.80E-01,,,,,1.76E-01,2.40E-01
,,,1.76E-01,8.80E-01,,,,,1.76E-01,2.40E-01
,,,1.76E-01,8.80E-01,,,,,1.76E-01,1.60E-01
,,,1.77E-01,8.00E-01,,,,,1.77E-01,8.00E-02
,,,1.77E-01,8.00E-01,,,,,1.77E-01,8.00E-02
,,,1.78E-01,7.20E-01,,,,,1.78E-01,8.00E-02
,,,1.78E-01,7.20E-01,,,,,1.78E-01,8.00E-02
,,,1.78E-01,7.20E-01,,,,,1.78E-01,8.00E-02
,,,1.79E-01,6.40E-01,,,,,1.79E-01,8.00E-02
,,,1.79E-01,6.40E-01,,,,,1.79E-01,8.00E-02
,,,1.80E-01,5.60E-01,,,,,1.80E-01,8.00E-02
,,,1.80E-01,5.60E-01,,,,,1.80E-01,8.00E-02
,,,1.80E-01,5.60E-01,,,,,1.80E-01,8.00E-02
,,,1.81E-01,5.60E-01,,,,,1.81E-01,8.00E-02
,,,1.81E-01,5.60E-01,,,,,1.81E-01,8.00E-02
,,,1.82E-01,4.80E-01,,,,,1.82E-01,8.00E-02
,,,1.82E-01,4.80E-01,,,,,1.82E-01,8.00E-02
,,,1.82E-01,4.80E-01,,,,,1.82E-01,8.00E-02
,,,1.83E-01,4.00E-01,,,,,1.83E-01,8.00E-02
,,,1.83E-01,4.00E-01,,,,,1.83E-01,8.00E-02
,,,1.84E-01,3.20E-01,,,,,1.84E-01,8.00E-02
,,,1.84E-01,3.20E-01,,,,,1.84E-01,8.00E-02
,,,1.84E-01,3.20E-01,,,,,1.84E-01,8.00E-02
,,,1.85E-01,2.40E-01,,,,,1.85E-01,0
,,,1.85E-01,2.40E-01,,,,,1.85E-01,8.00E-02
,,,1.86E-01,1.60E-01,,,,,1.86E-01,0
,,,1.86E-01,1.60E-01,,,,,1.86E-01,8.00E-02
,,,1.86E-01,8.00E-02,,,,,1.86E-01,0
,,,1.87E-01,1.60E-01,,,,,1.87E-01,0
,,,1.87E-01,8.00E-02,,,,,1.87E-01,8.00E-02
,,,1.88E-01,8.00E-02,,,,,1.88E-01,8.00E-02
,,,1.88E-01,8.00E-02,,,,,1.88E-01,8.00E-02
,,,1.88E-01,0,,,,,1.88E-01,8.00E-02
,,,1.89E-01,0,,,,,1.89E-01,8.00E-02
,,,1.89E-01,-8.00E-02,,,,,1.89E-01,8.00E-02
,,,1.90E-01,-8.00E-02,,,,,1.90E-01,8.00E-02
,,,1.90E-01,-1.60E-01,,,,,1.90E-01,8.00E-02
,,,1.90E-01,-1.60E-01,,,,,1.90E-01,8.00E-02
,,,1.91E-01,-1.60E-01,,,,,1.91E-01,8.00E-02
,,,1.91E-01,-2.40E-01,,,,,1.91E-01,8.00E-02
,,,1.92E-01,-1.60E-01,,,,,1.92E-01,8.00E-02
,,,1.92E-01,-2.40E-01,,,,,1.92E-01,8.00E-02
,,,1.92E-01,-3.20E-01,,,,,1.92E-01,8.00E-02
,,,1.93E-01,-3.20E-01,,,,,1.93E-01,8.00E-02
,,,1.93E-01,-3.20E-01,,,,,1.93E-01,8.00E-02
,,,1.94E-01,-3.20E-01,,,,,1.94E-01,8.00E-02
,,,1.94E-01,-4.00E-01,,,,,1.94E-01,8.00E-02
,,,1.94E-01,-4.00E-01,,,,,1.94E-01,0
,,,1.95E-01,-4.80E-01,,,,,1.95E-01,8.00E-02
,,,1.95E-01,-4.80E-01,,,,,1.95E-01,8.00E-02
,,,1.96E-01,-5.60E-01,,,,,1.96E-01,8.00E-02
,,,1.96E-01,-5.60E-01,,,,,1.96E-01,8.00E-02
,,,1.96E-01,-5.60E-01,,,,,1.96E-01,8.00E-02
,,,1.97E-01,-5.60E-01,,,,,1.97E-01,8.00E-02
,,,1.97E-01,-6.40E-01,,,,,1.97E-01,8.00E-02
,,,1.98E-01,-6.40E-01,,,,,1.98E-01,8.00E-02
,,,1.98E-01,-6.40E-01,,,,,1.98E-01,8.00E-02
,,,1.98E-01,-7.20E-01,,,,,1.98E-01,8.00E-02
,,,1.99E-01,-7.20E-01,,,,,1.99E-01,8.00E-02
,,,1.99E-01,-8.00E-01,,,,,1.99E-01,8.00E-02
,,,2.00E-01,-8.00E-01,,,,,2.00E-01,8.00E-02
,,,2.00E-01,-8.80E-01,,,,,2.00E-01,8.00E-02
,,,2.00E-01,-9.60E-01,,,,,2.00E-01,8.00E-02
,,,2.01E-01,-8.80E-01,,,,,2.01E-01,8.00E-02
,,,2.01E-01,-9.60E-01,,,,,2.01E-01,8.00E-02
,,,2.02E-01,-9.60E-01,,,,,2.02E-01,8.00E-02
,,,2.02E-01,-9.60E-01,,,,,2.02E-01,8.00E-02
,,,2.02E-01,-1.04,,,,,2.02E-01,8.00E-02
,,,2.03E-01,-1.04,,,,,2.03E-01,8.00E-02
,,,2.03E-01,-1.04,,,,,2.03E-01,8.00E-02
,,,2.04E-01,-1.12,,,,,2.04E-01,8.00E-02
,,,2.04E-01,-1.12,,,,,2.04E-01,8.00E-02
,,,2.04E-01,-1.12,,,,,2.04E-01,8.00E-02
,,,2.05E-01,-1.1999999,,,,,2.05E-01,8.00E-02
,,,2.05E-01,-1.1999999,,,,,2.05E-01,8.00E-02
,,,2.06E-01,-1.1999999,,,,,2.06E-01,8.00E-02
,,,2.06E-01,-1.28,,,,,2.06E-01,8.00E-02
,,,2.06E-01,-1.28,,,,,2.06E-01,8.00E-02
,,,2.07E-01,-1.36,,,,,2.07E-01,8.00E-02
,,,2.07E-01,-1.36,,,,,2.07E-01,0
,,,2.08E-01,-1.36,,,,,2.08E-01,8.00E-02
,,,2.08E-01,-1.4399999,,,,,2.08E-01,8.00E-02
,,,2.08E-01,-1.4399999,,,,,2.08E-01,8.00E-02
,,,2.09E-01,-1.52,,,,,2.09E-01,8.00E-02
,,,2.09E-01,-1.52,,,,,2.09E-01,8.00E-02
,,,2.10E-01,-1.52,,,,,2.10E-01,8.00E-02
,,,2.10E-01,-1.5999999,,,,,2.10E-01,8.00E-02
,,,2.10E-01,-1.52,,,,,2.10E-01,8.00E-02
,,,2.11E-01,-1.5999999,,,,,2.11E-01,8.00E-02
,,,2.11E-01,-1.5999999,,,,,2.11E-01,8.00E-02
,,,2.12E-01,-1.6799999,,,,,2.12E-01,8.00E-02
,,,2.12E-01,-1.6799999,,,,,2.12E-01,8.00E-02
,,,2.12E-01,-1.76,,,,,2.12E-01,8.00E-02
,,,2.13E-01,-1.76,,,,,2.13E-01,8.00E-02
,,,2.13E-01,-1.76,,,,,2.13E-01,8.00E-02
,,,2.14E-01,-1.76,,,,,2.14E-01,8.00E-02
,,,2.14E-01,-1.8399999,,,,,2.14E-01,8.00E-02
,,,2.14E-01,-1.92,,,,,2.14E-01,8.00E-02
,,,2.15E-01,-1.8399999,,,,,2.15E-01,8.00E-02
,,,2.15E-01,-1.92,,,,,2.15E-01,8.00E-02
,,,2.16E-01,-1.92,,,,,2.16E-01,8.00E-02
,,,2.16E-01,-1.92,,,,,2.16E-01,8.00E-02
,,,2.16E-01,-1.92,,,,,2.16E-01,8.00E-02
,,,2.17E-01,-1.92,,,,,2.17E-01,8.00E-02
,,,2.17E-01,-1.8399999,,,,,2.17E-01,8.00E-02
,,,2.18E-01,-1.8399999,,,,,2.18E-01,8.00E-02
,,,2.18E-01,-1.8399999,,,,,2.18E-01,8.00E-02
,,,2.18E-01,-1.76,,,,,2.18E-01,8.00E-02
,,,2.19E-01,-1.76,,,,,2.19E-01,8.00E-02
,,,2.19E-01,-1.76,,,,,2.19E-01,8.00E-02
,,,2.20E-01,-1.76,,,,,2.20E-01,8.00E-02
,,,2.20E-01,-1.6799999,,,,,2.20E-01,8.00E-02
,,,2.20E-01,-1.6799999,,,,,2.20E-01,0
,,,2.21E-01,-1.52,,,,,2.21E-01,8.00E-02
,,,2.21E-01,-1.5999999,,,,,2.21E-01,8.00E-02
,,,2.22E-01,-1.52,,,,,2.22E-01,8.00E-02
,,,2.22E-01,-1.52,,,,,2.22E-01,8.00E-02
,,,2.22E-01,-1.52,,,,,2.22E-01,8.00E-02
,,,2.23E-01,-1.52,,,,,2.23E-01,8.00E-02
,,,2.23E-01,-1.4399999,,,,,2.23E-01,8.00E-02
,,,2.24E-01,-1.36,,,,,2.24E-01,8.00E-02
,,,2.24E-01,-1.36,,,,,2.24E-01,8.00E-02
,,,2.24E-01,-1.36,,,,,2.24E-01,8.00E-02
,,,2.25E-01,-1.28,,,,,2.25E-01,8.00E-02
,,,2.25E-01,-1.36,,,,,2.25E-01,8.00E-02
,,,2.26E-01,-1.28,,,,,2.26E-01,8.00E-02
,,,2.26E-01,-1.28,,,,,2.26E-01,8.00E-02
,,,2.26E-01,-1.1999999,,,,,2.26E-01,8.00E-02
,,,2.27E-01,-1.1999999,,,,,2.27E-01,8.00E-02
,,,2.27E-01,-1.12,,,,,2.27E-01,8.00E-02
,,,2.28E-01,-1.12,,,,,2.28E-01,8.00E-02
,,,2.28E-01,-1.04,,,,,2.28E-01,8.00E-02
,,,2.28E-01,-1.04,,,,,2.28E-01,8.00E-02
,,,2.29E-01,-1.04,,,,,2.29E-01,8.00E-02
,,,2.29E-01,-1.04,,,,,2.29E-01,8.00E-02
,,,2.30E-01,-9.60E-01,,,,,2.30E-01,8.00E-02
,,,2.30E-01,-9.60E-01,,,,,2.30E-01,8.00E-02
,,,2.30E-01,-9.60E-01,,,,,2.30E-01,8.00E-02
,,,2.31E-01,-8.80E-01,,,,,2.31E-01,8.00E-02
,,,2.31E-01,-8.80E-01,,,,,2.31E-01,8.00E-02
,,,2.32E-01,-8.00E-01,,,,,2.32E-01,8.00E-02
,,,2.32E-01,-8.00E-01,,,,,2.32E-01,8.00E-02
,,,2.32E-01,-8.00E-01,,,,,2.32E-01,8.00E-02
,,,2.33E-01,-7.20E-01,,,,,2.33E-01,8.00E-02
,,,2.33E-01,-7.20E-01,,,,,2.33E-01,8.00E-02
,,,2.34E-01,-7.20E-01,,,,,2.34E-01,8.00E-02
,,,2.34E-01,-6.40E-01,,,,,2.34E-01,8.00E-02
,,,2.34E-01,-6.40E-01,,,,,2.34E-01,8.00E-02
,,,2.35E-01,-5.60E-01,,,,,2.35E-01,8.00E-02
,,,2.35E-01,-5.60E-01,,,,,2.35E-01,8.00E-02
,,,2.36E-01,-5.60E-01,,,,,2.36E-01,8.00E-02
,,,2.36E-01,-4.80E-01,,,,,2.36E-01,0
,,,2.36E-01,-5.60E-01,,,,,2.36E-01,8.00E-02
,,,2.37E-01,-4.00E-01,,,,,2.37E-01,8.00E-02
,,,2.37E-01,-4.00E-01,,,,,2.37E-01,8.00E-02
,,,2.38E-01,-4.00E-01,,,,,2.38E-01,8.00E-02
,,,2.38E-01,-4.00E-01,,,,,2.38E-01,8.00E-02
,,,2.38E-01,-3.20E-01,,,,,2.38E-01,8.00E-02
,,,2.39E-01,-2.40E-01,,,,,2.39E-01,8.00E-02
,,,2.39E-01,-2.40E-01,,,,,2.39E-01,8.00E-02
,,,2.40E-01,-2.40E-01,,,,,2.40E-01,8.00E-02
,,,2.40E-01,-1.60E-01,,,,,2.40E-01,8.00E-02
,,,2.40E-01,-2.40E-01,,,,,2.40E-01,8.00E-02
,,,2.41E-01,-1.60E-01,,,,,2.41E-01,0
,,,2.41E-01,-1.60E-01,,,,,2.41E-01,8.00E-02
,,,2.42E-01,-8.00E-02,,,,,2.42E-01,8.00E-02
,,,2.42E-01,-8.00E-02,,,,,2.42E-01,8.00E-02
,,,2.42E-01,0,,,,,2.42E-01,8.00E-02
,,,2.43E-01,0,,,,,2.43E-01,0
,,,2.43E-01,0,,,,,2.43E-01,8.00E-02
,,,2.44E-01,8.00E-02,,,,,2.44E-01,8.00E-02
,,,2.44E-01,8.00E-02,,,,,2.44E-01,8.00E-02
,,,2.44E-01,8.00E-02,,,,,2.44E-01,8.00E-02
,,,2.45E-01,1.60E-01,,,,,2.45E-01,8.00E-02
,,,2.45E-01,1.60E-01,,,,,2.45E-01,1.60E-01
,,,2.46E-01,1.60E-01,,,,,2.46E-01,8.00E-02
,,,2.46E-01,1.60E-01,,,,,2.46E-01,8.00E-02
,,,2.46E-01,2.40E-01,,,,,2.46E-01,8.00E-02
,,,2.47E-01,3.20E-01,,,,,2.47E-01,8.00E-02
,,,2.47E-01,3.20E-01,,,,,2.47E-01,8.00E-02
,,,2.48E-01,3.20E-01,,,,,2.48E-01,8.00E-02
,,,2.48E-01,3.20E-01,,,,,2.48E-01,8.00E-02
,,,2.48E-01,3.20E-01,,,,,2.48E-01,8.00E-02
,,,2.49E-01,4.00E-01,,,,,2.49E-01,8.00E-02
,,,2.49E-01,4.80E-01,,,,,2.49E-01,8.00E-02
,,,2.50E-01,5.60E-01,,,,,2.50E-01,8.00E-02
,,,2.50E-01,5.60E-01,,,,,2.50E-01,8.00E-02
,,,2.50E-01,5.60E-01,,,,,2.50E-01,8.00E-02
,,,2.51E-01,5.60E-01,,,,,2.51E-01,8.00E-02
,,,2.51E-01,5.60E-01,,,,,2.51E-01,8.00E-02
,,,2.52E-01,5.60E-01,,,,,2.52E-01,8.00E-02
,,,2.52E-01,6.40E-01,,,,,2.52E-01,8.00E-02
,,,2.52E-01,6.40E-01,,,,,2.52E-01,8.00E-02
,,,2.53E-01,7.20E-01,,,,,2.53E-01,8.00E-02
,,,2.53E-01,7.20E-01,,,,,2.53E-01,8.00E-02
,,,2.54E-01,7.20E-01,,,,,2.54E-01,8.00E-02
,,,2.54E-01,7.20E-01,,,,,2.54E-01,8.00E-02
,,,2.54E-01,8.00E-01,,,,,2.54E-01,8.00E-02
,,,2.55E-01,7.20E-01,,,,,2.55E-01,1.60E-01
,,,2.55E-01,8.00E-01,,,,,2.55E-01,1.60E-01
,,,2.56E-01,8.00E-01,,,,,2.56E-01,1.60E-01
,,,2.56E-01,8.80E-01,,,,,2.56E-01,2.40E-01
,,,2.56E-01,8.80E-01,,,,,2.56E-01,2.40E-01
,,,2.57E-01,8.80E-01,,,,,2.57E-01,2.40E-01
,,,2.57E-01,9.60E-01,,,,,2.57E-01,2.40E-01
,,,2.58E-01,9.60E-01,,,,,2.58E-01,2.40E-01
,,,2.58E-01,9.60E-01,,,,,2.58E-01,2.40E-01
,,,2.58E-01,9.60E-01,,,,,2.58E-01,3.20E-01
,,,2.59E-01,9.60E-01,,,,,2.59E-01,3.20E-01
,,,2.59E-01,1.04,,,,,2.59E-01,3.20E-01
,,,2.60E-01,1.04,,,,,2.60E-01,3.20E-01
,,,2.60E-01,1.04,,,,,2.60E-01,3.20E-01
,,,2.60E-01,1.04,,,,,2.60E-01,4.00E-01
,,,2.61E-01,1.12,,,,,2.61E-01,3.20E-01
,,,2.61E-01,1.12,,,,,2.61E-01,4.00E-01
,,,2.62E-01,1.12,,,,,2.62E-01,4.00E-01
,,,2.62E-01,1.12,,,,,2.62E-01,4.00E-01
,,,2.62E-01,1.1999999,,,,,2.62E-01,4.80E-01
,,,2.63E-01,1.12,,,,,2.63E-01,4.80E-01
,,,2.63E-01,1.28,,,,,2.63E-01,4.80E-01
,,,2.64E-01,1.28,,,,,2.64E-01,4.80E-01
,,,2.64E-01,1.28,,,,,2.64E-01,5.60E-01
,,,2.64E-01,1.28,,,,,2.64E-01,5.60E-01
,,,2.65E-01,1.28,,,,,2.65E-01,5.60E-01
,,,2.65E-01,1.28,,,,,2.65E-01,5.60E-01
,,,2.66E-01,1.28,,,,,2.66E-01,6.40E-01
,,,2.66E-01,1.28,,,,,2.66E-01,6.40E-01
,,,2.66E-01,1.36,,,,,2.66E-01,6.40E-01
,,,2.67E-01,1.36,,,,,2.67E-01,6.40E-01
,,,2.67E-01,1.36,,,,,2.67E-01,6.40E-01
,,,2.68E-01,1.36,,,,,2.68E-01,7.20E-01
,,,2.68E-01,1.36,,,,,2.68E-01,7.20E-01
,,,2.68E-01,1.4399999,,,,,2.68E-01,7.20E-01
,,,2.69E-01,1.4399999,,,,,2.69E-01,7.20E-01
,,,2.69E-01,1.4399999,,,,,2.69E-01,7.20E-01
,,,2.70E-01,1.52,,,,,2.70E-01,8.00E-01
,,,2.70E-01,1.52,,,,,2.70E-01,8.00E-01
,,,2.70E-01,1.4399999,,,,,2.70E-01,8.00E-01
,,,2.71E-01,1.52,,,,,2.71E-01,8.00E-01
,,,2.71E-01,1.52,,,,,2.71E-01,8.80E-01
,,,2.72E-01,1.5999999,,,,,2.72E-01,8.80E-01
,,,2.72E-01,1.5999999,,,,,2.72E-01,8.80E-01
,,,2.72E-01,1.6799999,,,,,2.72E-01,8.80E-01
,,,2.73E-01,1.6799999,,,,,2.73E-01,8.80E-01
,,,2.73E-01,1.6799999,,,,,2.73E-01,9.60E-01
,,,2.74E-01,1.6799999,,,,,2.74E-01,9.60E-01
,,,2.74E-01,1.6799999,,,,,2.74E-01,9.60E-01
,,,2.74E-01,1.6799999,,,,,2.74E-01,9.60E-01
,,,2.75E-01,1.76,,,,,2.75E-01,9.60E-01
,,,2.75E-01,1.6799999,,,,,2.75E-01,1.04
,,,2.76E-01,1.76,,,,,2.76E-01,1.04
,,,2.76E-01,1.76,,,,,2.76E-01,1.04
,,,2.76E-01,1.76,,,,,2.76E-01,1.04
,,,2.77E-01,1.8399999,,,,,2.77E-01,1.04
,,,2.77E-01,1.8399999,,,,,2.77E-01,1.12
,,,2.78E-01,1.8399999,,,,,2.78E-01,1.04
,,,2.78E-01,1.8399999,,,,,2.78E-01,1.12
,,,2.78E-01,1.92,,,,,2.78E-01,1.12
,,,2.79E-01,1.92,,,,,2.79E-01,1.1999999
,,,2.79E-01,1.92,,,,,2.79E-01,1.1999999
,,,2.80E-01,1.92,,,,,2.80E-01,1.1999999
,,,2.80E-01,1.92,,,,,2.80E-01,1.1999999
,,,2.80E-01,2,,,,,2.80E-01,1.1999999
,,,2.81E-01,2,,,,,2.81E-01,1.1999999
,,,2.81E-01,2,,,,,2.81E-01,1.28
,,,2.82E-01,2,,,,,2.82E-01,1.28
,,,2.82E-01,2,,,,,2.82E-01,1.28
,,,2.82E-01,2.0799999,,,,,2.82E-01,1.36
,,,2.83E-01,2.0799999,,,,,2.83E-01,1.36
,,,2.83E-01,2.0799999,,,,,2.83E-01,1.36
,,,2.84E-01,2.0799999,,,,,2.84E-01,1.36
,,,2.84E-01,2.0799999,,,,,2.84E-01,1.36
,,,2.84E-01,2.1599998,,,,,2.84E-01,1.4399999
,,,2.85E-01,2.1599998,,,,,2.85E-01,1.4399999
,,,2.85E-01,2.1599998,,,,,2.85E-01,1.4399999
,,,2.86E-01,2.1599998,,,,,2.86E-01,1.52
,,,2.86E-01,2.24,,,,,2.86E-01,1.52
,,,2.86E-01,2.24,,,,,2.86E-01,1.52
,,,2.87E-01,2.24,,,,,2.87E-01,1.52
,,,2.87E-01,2.24,,,,,2.87E-01,1.5999999
,,,2.88E-01,2.24,,,,,2.88E-01,1.5999999
,,,2.88E-01,2.3199999,,,,,2.88E-01,1.5999999
,,,2.88E-01,2.3199999,,,,,2.88E-01,1.5999999
,,,2.89E-01,2.3199999,,,,,2.89E-01,1.5999999
,,,2.89E-01,2.3999999,,,,,2.89E-01,1.6799999
,,,2.90E-01,2.3999999,,,,,2.90E-01,1.6799999
,,,2.90E-01,2.3999999,,,,,2.90E-01,1.76
,,,2.90E-01,2.3999999,,,,,2.90E-01,1.6799999
,,,2.91E-01,2.48,,,,,2.91E-01,1.76
,,,2.91E-01,2.48,,,,,2.91E-01,1.76
,,,2.92E-01,2.48,,,,,2.92E-01,1.76
,,,2.92E-01,2.48,,,,,2.92E-01,1.76
,,,2.92E-01,2.48,,,,,2.92E-01,1.76
,,,2.93E-01,2.48,,,,,2.93E-01,1.76
,,,2.93E-01,2.48,,,,,2.93E-01,1.76
,,,2.94E-01,2.5599999,,,,,2.94E-01,1.8399999
,,,2.94E-01,2.5599999,,,,,2.94E-01,1.8399999
,,,2.94E-01,2.6399999,,,,,2.94E-01,1.8399999
,,,2.95E-01,2.6399999,,,,,2.95E-01,1.92
,,,2.95E-01,2.6399999,,,,,2.95E-01,1.92
,,,2.96E-01,2.6399999,,,,,2.96E-01,1.8399999
,,,2.96E-01,2.6399999,,,,,2.96E-01,1.92
,,,2.96E-01,2.6399999,,,,,2.96E-01,1.92
,,,2.97E-01,2.72000003,,,,,2.97E-01,1.92
,,,2.97E-01,2.72000003,,,,,2.97E-01,2
,,,2.98E-01,2.72000003,,,,,2.98E-01,2
,,,2.98E-01,2.79999995,,,,,2.98E-01,2.0799999
,,,2.98E-01,2.72000003,,,,,2.98E-01,2
,,,2.99E-01,2.79999995,,,,,2.99E-01,2.0799999
,,,2.99E-01,2.79999995,,,,,2.99E-01,2.0799999
,,,3.00E-01,2.87999988,,,,,3.00E-01,2.0799999
,,,3.00E-01,2.87999988,,,,,3.00E-01,2.1599998
,,,3.00E-01,2.87999988,,,,,3.00E-01,2.0799999
,,,3.01E-01,2.87999988,,,,,3.01E-01,2.1599998
,,,3.01E-01,2.96000004,,,,,3.01E-01,2.1599998
,,,3.02E-01,2.96000004,,,,,3.02E-01,2.1599998
,,,3.02E-01,2.96000004,,,,,3.02E-01,2.24
,,,3.02E-01,2.96000004,,,,,3.02E-01,2.1599998
,,,3.03E-01,2.96000004,,,,,3.03E-01,2.24
,,,3.03E-01,3.03999996,,,,,3.03E-01,2.3199999
,,,3.04E-01,3.03999996,,,,,3.04E-01,2.24
,,,3.04E-01,3.03999996,,,,,3.04E-01,2.24
,,,3.04E-01,3.03999996,,,,,3.04E-01,2.3199999
,,,3.05E-01,3.03999996,,,,,3.05E-01,2.3199999
,,,3.05E-01,3.11999989,,,,,3.05E-01,2.3199999
,,,3.06E-01,3.11999989,,,,,3.06E-01,2.3999999
,,,3.06E-01,3.11999989,,,,,3.06E-01,2.3999999
,,,3.06E-01,3.11999989,,,,,3.06E-01,2.3999999
,,,3.07E-01,3.11999989,,,,,3.07E-01,2.3999999
,,,3.07E-01,3.19999981,,,,,3.07E-01,2.3999999
,,,3.08E-01,3.19999981,,,,,3.08E-01,2.3999999
,,,3.08E-01,3.19999981,,,,,3.08E-01,2.3999999
,,,3.08E-01,3.19999981,,,,,3.08E-01,2.48
,,,3.09E-01,3.19999981,,,,,3.09E-01,2.48
,,,3.09E-01,3.27999997,,,,,3.09E-01,2.48
,,,3.10E-01,3.27999997,,,,,3.10E-01,2.48
,,,3.10E-01,3.27999997,,,,,3.10E-01,2.5599999
,,,3.10E-01,3.27999997,,,,,3.10E-01,2.5599999
,,,3.11E-01,3.3599999,,,,,3.11E-01,2.5599999
,,,3.11E-01,3.3599999,,,,,3.11E-01,2.5599999
,,,3.12E-01,3.3599999,,,,,3.12E-01,2.6399999
,,,3.12E-01,3.3599999,,,,,3.12E-01,2.6399999
,,,3.12E-01,3.3599999,,,,,3.12E-01,2.6399999
,,,3.13E-01,3.43999982,,,,,3.13E-01,2.6399999
,,,3.13E-01,3.43999982,,,,,3.13E-01,2.72000003
,,,3.14E-01,3.43999982,,,,,3.14E-01,2.72000003
,,,3.14E-01,3.51999998,,,,,3.14E-01,2.72000003
,,,3.14E-01,3.51999998,,,,,3.14E-01,2.72000003
,,,3.15E-01,3.51999998,,,,,3.15E-01,2.72000003
,,,3.15E-01,3.51999998,,,,,3.15E-01,2.79999995
,,,3.16E-01,3.5999999,,,,,3.16E-01,2.79999995
,,,3.16E-01,3.5999999,,,,,3.16E-01,2.79999995
,,,3.16E-01,3.51999998,,,,,3.16E-01,2.79999995
,,,3.17E-01,3.51999998,,,,,3.17E-01,2.79999995
,,,3.17E-01,3.51999998,,,,,3.17E-01,2.72000003
,,,3.18E-01,3.43999982,,,,,3.18E-01,2.72000003
,,,3.18E-01,3.43999982,,,,,3.18E-01,2.72000003
,,,3.18E-01,3.43999982,,,,,3.18E-01,2.72000003
,,,3.19E-01,3.43999982,,,,,3.19E-01,2.6399999
,,,3.19E-01,3.3599999,,,,,3.19E-01,2.6399999
,,,3.20E-01,3.43999982,,,,,3.20E-01,2.5599999
,,,3.20E-01,3.3599999,,,,,3.20E-01,2.5599999
,,,3.20E-01,3.3599999,,,,,3.20E-01,2.6399999
,,,3.21E-01,3.27999997,,,,,3.21E-01,2.6399999
,,,3.21E-01,3.3599999,,,,,3.21E-01,2.5599999
,,,3.22E-01,3.3599999,,,,,3.22E-01,2.48
,,,3.22E-01,3.27999997,,,,,3.22E-01,2.48
,,,3.22E-01,3.27999997,,,,,3.22E-01,2.48
,,,3.23E-01,3.27999997,,,,,3.23E-01,2.48
,,,3.23E-01,3.19999981,,,,,3.23E-01,2.48
,,,3.24E-01,3.19999981,,,,,3.24E-01,2.48
,,,3.24E-01,3.19999981,,,,,3.24E-01,2.48
,,,3.24E-01,3.19999981,,,,,3.24E-01,2.3999999
,,,3.25E-01,3.19999981,,,,,3.25E-01,2.3999999
,,,3.25E-01,3.11999989,,,,,3.25E-01,2.3999999
,,,3.26E-01,3.11999989,,,,,3.26E-01,2.3999999
,,,3.26E-01,3.11999989,,,,,3.26E-01,2.3199999
,,,3.26E-01,3.11999989,,,,,3.26E-01,2.3999999
,,,3.27E-01,3.03999996,,,,,3.27E-01,2.3199999
,,,3.27E-01,3.03999996,,,,,3.27E-01,2.3199999
,,,3.28E-01,3.03999996,,,,,3.28E-01,2.3199999
,,,3.28E-01,2.96000004,,,,,3.28E-01,2.24
,,,3.28E-01,3.03999996,,,,,3.28E-01,2.3199999
,,,3.29E-01,2.96000004,,,,,3.29E-01,2.24
,,,3.29E-01,2.96000004,,,,,3.29E-01,2.24
,,,3.30E-01,2.96000004,,,,,3.30E-01,2.1599998
,,,3.30E-01,2.87999988,,,,,3.30E-01,2.24
,,,3.30E-01,2.96000004,,,,,3.30E-01,2.1599998
,,,3.31E-01,2.87999988,,,,,3.31E-01,2.1599998
,,,3.31E-01,2.87999988,,,,,3.31E-01,2.0799999
,,,3.32E-01,2.87999988,,,,,3.32E-01,2.0799999
,,,3.32E-01,2.79999995,,,,,3.32E-01,2.0799999
,,,3.32E-01,2.79999995,,,,,3.32E-01,2.0799999
,,,3.33E-01,2.79999995,,,,,3.33E-01,2.0799999
,,,3.33E-01,2.79999995,,,,,3.33E-01,2.0799999
,,,3.34E-01,2.79999995,,,,,3.34E-01,2
,,,3.34E-01,2.72000003,,,,,3.34E-01,2
,,,3.34E-01,2.72000003,,,,,3.34E-01,2
,,,3.35E-01,2.6399999,,,,,3.35E-01,2
,,,3.35E-01,2.6399999,,,,,3.35E-01,1.92
,,,3.36E-01,2.6399999,,,,,3.36E-01,1.92
,,,3.36E-01,2.6399999,,,,,3.36E-01,1.92
,,,3.36E-01,2.6399999,,,,,3.36E-01,1.92
,,,3.37E-01,2.6399999,,,,,3.37E-01,1.8399999
,,,3.37E-01,2.5599999,,,,,3.37E-01,1.8399999
,,,3.38E-01,2.5599999,,,,,3.38E-01,1.8399999
,,,3.38E-01,2.5599999,,,,,3.38E-01,1.8399999
,,,3.38E-01,2.5599999,,,,,3.38E-01,1.8399999
,,,3.39E-01,2.5599999,,,,,3.39E-01,1.8399999
,,,3.39E-01,2.48,,,,,3.39E-01,1.76
,,,3.40E-01,2.48,,,,,3.40E-01,1.76
,,,3.40E-01,2.48,,,,,3.40E-01,1.6799999
,,,3.40E-01,2.3999999,,,,,3.40E-01,1.6799999
,,,3.41E-01,2.3999999,,,,,3.41E-01,1.6799999
,,,3.41E-01,2.3999999,,,,,3.41E-01,1.6799999
,,,3.42E-01,2.3999999,,,,,3.42E-01,1.6799999
,,,3.42E-01,2.3999999,,,,,3.42E-01,1.5999999
,,,3.42E-01,2.3199999,,,,,3.42E-01,1.5999999
,,,3.43E-01,2.3199999,,,,,3.43E-01,1.5999999
,,,3.43E-01,2.3199999,,,,,3.43E-01,1.5999999
,,,3.44E-01,2.3999999,,,,,3.44E-01,1.5999999
,,,3.44E-01,2.24,,,,,3.44E-01,1.5999999
,,,3.44E-01,2.24,,,,,3.44E-01,1.52
,,,3.45E-01,2.24,,,,,3.45E-01,1.52
,,,3.45E-01,2.24,,,,,3.45E-01,1.52
,,,3.46E-01,2.24,,,,,3.46E-01,1.4399999
,,,3.46E-01,2.24,,,,,3.46E-01,1.4399999
,,,3.46E-01,2.1599998,,,,,3.46E-01,1.4399999
,,,3.47E-01,2.1599998,,,,,3.47E-01,1.4399999
,,,3.47E-01,2.1599998,,,,,3.47E-01,1.4399999
,,,3.48E-01,2.1599998,,,,,3.48E-01,1.36
,,,3.48E-01,2.0799999,,,,,3.48E-01,1.4399999
,,,3.48E-01,2.0799999,,,,,3.48E-01,1.36
,,,3.49E-01,2.0799999,,,,,3.49E-01,1.36
,,,3.49E-01,2.0799999,,,,,3.49E-01,1.36
,,,3.50E-01,2,,,,,3.50E-01,1.28
,,,3.50E-01,2.0799999,,,,,3.50E-01,1.28
,,,3.50E-01,2,,,,,3.50E-01,1.28
,,,3.51E-01,2,,,,,3.51E-01,1.1999999
,,,3.51E-01,1.92,,,,,3.51E-01,1.1999999
,,,3.52E-01,1.92,,,,,3.52E-01,1.1999999
,,,3.52E-01,1.92,,,,,3.52E-01,1.1999999
,,,3.52E-01,1.92,,,,,3.52E-01,1.12
,,,3.53E-01,1.92,,,,,3.53E-01,1.1999999
,,,3.53E-01,1.8399999,,,,,3.53E-01,1.12
,,,3.54E-01,1.92,,,,,3.54E-01,1.04
,,,3.54E-01,1.8399999,,,,,3.54E-01,1.04
,,,3.54E-01,1.8399999,,,,,3.54E-01,1.04
,,,3.55E-01,1.8399999,,,,,3.55E-01,1.12
,,,3.55E-01,1.76,,,,,3.55E-01,1.12
,,,3.56E-01,1.8399999,,,,,3.56E-01,1.04
,,,3.56E-01,1.76,,,,,3.56E-01,1.04
,,,3.56E-01,1.76,,,,,3.56E-01,1.04
,,,3.57E-01,1.6799999,,,,,3.57E-01,1.04
,,,3.57E-01,1.6799999,,,,,3.57E-01,9.60E-01
,,,3.58E-01,1.6799999,,,,,3.58E-01,9.60E-01
,,,3.58E-01,1.6799999,,,,,3.58E-01,8.80E-01
,,,3.58E-01,1.6799999,,,,,3.58E-01,9.60E-01
,,,3.59E-01,1.6799999,,,,,3.59E-01,8.80E-01
,,,3.59E-01,1.5999999,,,,,3.59E-01,8.80E-01
,,,3.60E-01,1.5999999,,,,,3.60E-01,9.60E-01
,,,3.60E-01,1.52,,,,,3.60E-01,8.80E-01
,,,3.60E-01,1.52,,,,,3.60E-01,8.00E-01
,,,3.61E-01,1.52,,,,,3.61E-01,8.00E-01
,,,3.61E-01,1.52,,,,,3.61E-01,8.00E-01
,,,3.62E-01,1.52,,,,,3.62E-01,8.00E-01
,,,3.62E-01,1.52,,,,,3.62E-01,7.20E-01
,,,3.62E-01,1.4399999,,,,,3.62E-01,7.20E-01
,,,3.63E-01,1.4399999,,,,,3.63E-01,7.20E-01
,,,3.63E-01,1.4399999,,,,,3.63E-01,7.20E-01
,,,3.64E-01,1.36,,,,,3.64E-01,6.40E-01
,,,3.64E-01,1.4399999,,,,,3.64E-01,6.40E-01
,,,3.64E-01,1.36,,,,,3.64E-01,6.40E-01
,,,3.65E-01,1.36,,,,,3.65E-01,6.40E-01
,,,3.65E-01,1.28,,,,,3.65E-01,5.60E-01
,,,3.66E-01,1.28,,,,,3.66E-01,5.60E-01
,,,3.66E-01,1.36,,,,,3.66E-01,5.60E-01
,,,3.66E-01,1.28,,,,,3.66E-01,6.40E-01
,,,3.67E-01,1.28,,,,,3.67E-01,5.60E-01
,,,3.67E-01,1.28,,,,,3.67E-01,5.60E-01
,,,3.68E-01,1.1999999,,,,,3.68E-01,4.80E-01
,,,3.68E-01,1.28,,,,,3.68E-01,4.80E-01
,,,3.68E-01,1.1999999,,,,,3.68E-01,4.80E-01
,,,3.69E-01,1.1999999,,,,,3.69E-01,4.80E-01
,,,3.69E-01,1.1999999,,,,,3.69E-01,4.80E-01
,,,3.70E-01,1.12,,,,,3.70E-01,4.80E-01
,,,3.70E-01,1.12,,,,,3.70E-01,4.00E-01
,,,3.70E-01,1.12,,,,,3.70E-01,4.00E-01
,,,3.71E-01,1.12,,,,,3.71E-01,4.00E-01
,,,3.71E-01,1.04,,,,,3.71E-01,4.00E-01
,,,3.72E-01,1.04,,,,,3.72E-01,3.20E-01
,,,3.72E-01,1.04,,,,,3.72E-01,3.20E-01
,,,3.72E-01,1.04,,,,,3.72E-01,3.20E-01
,,,3.73E-01,1.04,,,,,3.73E-01,3.20E-01
,,,3.73E-01,9.60E-01,,,,,3.73E-01,3.20E-01
,,,3.74E-01,9.60E-01,,,,,3.74E-01,3.20E-01
,,,3.74E-01,9.60E-01,,,,,3.74E-01,2.40E-01
,,,3.74E-01,8.80E-01,,,,,3.74E-01,2.40E-01
,,,3.75E-01,8.80E-01,,,,,3.75E-01,2.40E-01
,,,3.75E-01,8.80E-01,,,,,3.75E-01,2.40E-01
,,,3.76E-01,8.00E-01,,,,,3.76E-01,2.40E-01
,,,3.76E-01,8.80E-01,,,,,3.76E-01,1.60E-01
,,,3.76E-01,8.00E-01,,,,,3.76E-01,1.60E-01
,,,3.77E-01,7.20E-01,,,,,3.77E-01,1.60E-01
,,,3.77E-01,7.20E-01,,,,,3.77E-01,1.60E-01
,,,3.78E-01,7.20E-01,,,,,3.78E-01,8.00E-02
,,,3.78E-01,7.20E-01,,,,,3.78E-01,8.00E-02
,,,3.78E-01,6.40E-01,,,,,3.78E-01,8.00E-02
,,,3.79E-01,7.20E-01,,,,,3.79E-01,8.00E-02
,,,3.79E-01,7.20E-01,,,,,3.79E-01,8.00E-02
,,,3.80E-01,5.60E-01,,,,,3.80E-01,8.00E-02
,,,3.80E-01,6.40E-01,,,,,3.80E-01,8.00E-02
,,,3.80E-01,5.60E-01,,,,,3.80E-01,8.00E-02
,,,3.81E-01,5.60E-01,,,,,3.81E-01,8.00E-02
,,,3.81E-01,5.60E-01,,,,,3.81E-01,8.00E-02
,,,3.82E-01,4.80E-01,,,,,3.82E-01,8.00E-02
,,,3.82E-01,4.80E-01,,,,,3.82E-01,8.00E-02
,,,3.82E-01,4.00E-01,,,,,3.82E-01,8.00E-02
,,,3.83E-01,4.00E-01,,,,,3.83E-01,8.00E-02
,,,3.83E-01,4.00E-01,,,,,3.83E-01,8.00E-02
,,,3.84E-01,3.20E-01,,,,,3.84E-01,8.00E-02
,,,3.84E-01,3.20E-01,,,,,3.84E-01,8.00E-02
,,,3.84E-01,3.20E-01,,,,,3.84E-01,8.00E-02
,,,3.85E-01,3.20E-01,,,,,3.85E-01,8.00E-02
,,,3.85E-01,2.40E-01,,,,,3.85E-01,8.00E-02
,,,3.86E-01,1.60E-01,,,,,3.86E-01,8.00E-02
,,,3.86E-01,1.60E-01,,,,,3.86E-01,8.00E-02
,,,3.86E-01,1.60E-01,,,,,3.86E-01,8.00E-02
,,,3.87E-01,8.00E-02,,,,,3.87E-01,8.00E-02
,,,3.87E-01,1.60E-01,,,,,3.87E-01,8.00E-02
,,,3.88E-01,8.00E-02,,,,,3.88E-01,8.00E-02
,,,3.88E-01,8.00E-02,,,,,3.88E-01,8.00E-02
,,,3.88E-01,0,,,,,3.88E-01,8.00E-02
,,,3.89E-01,0,,,,,3.89E-01,8.00E-02
,,,3.89E-01,0,,,,,3.89E-01,8.00E-02
,,,3.90E-01,-8.00E-02,,,,,3.90E-01,8.00E-02
,,,3.90E-01,-1.60E-01,,,,,3.90E-01,8.00E-02
,,,3.90E-01,-1.60E-01,,,,,3.90E-01,8.00E-02
,,,3.91E-01,-1.60E-01,,,,,3.91E-01,8.00E-02
,,,3.91E-01,-1.60E-01,,,,,3.91E-01,0
,,,3.92E-01,-2.40E-01,,,,,3.92E-01,8.00E-02
,,,3.92E-01,-2.40E-01,,,,,3.92E-01,8.00E-02
,,,3.92E-01,-3.20E-01,,,,,3.92E-01,8.00E-02
,,,3.93E-01,-3.20E-01,,,,,3.93E-01,8.00E-02
,,,3.93E-01,-4.00E-01,,,,,3.93E-01,8.00E-02
,,,3.94E-01,-3.20E-01,,,,,3.94E-01,8.00E-02
,,,3.94E-01,-4.00E-01,,,,,3.94E-01,8.00E-02
,,,3.94E-01,-4.80E-01,,,,,3.94E-01,8.00E-02
,,,3.95E-01,-4.80E-01,,,,,3.95E-01,8.00E-02
,,,3.95E-01,-4.80E-01,,,,,3.95E-01,8.00E-02
,,,3.96E-01,-5.60E-01,,,,,3.96E-01,8.00E-02
,,,3.96E-01,-5.60E-01,,,,,3.96E-01,8.00E-02
,,,3.96E-01,-5.60E-01,,,,,3.96E-01,8.00E-02
,,,3.97E-01,-6.40E-01,,,,,3.97E-01,8.00E-02
,,,3.97E-01,-6.40E-01,,,,,3.97E-01,8.00E-02
,,,3.98E-01,-6.40E-01,,,,,3.98E-01,8.00E-02
,,,3.98E-01,-6.40E-01,,,,,3.98E-01,8.00E-02
,,,3.98E-01,-7.20E-01,,,,,3.98E-01,8.00E-02
,,,3.99E-01,-7.20E-01,,,,,3.99E-01,8.00E-02
,,,3.99E-01,-8.00E-01,,,,,3.99E-01,8.00E-02
,,,4.00E-01,-8.00E-01,,,,,4.00E-01,8.00E-02
,,,4.00E-01,-8.00E-01,,,,,4.00E-01,8.00E-02
,,,4.00E-01,-8.80E-01,,,,,4.00E-01,8.00E-02
,,,4.01E-01,-8.80E-01,,,,,4.01E-01,8.00E-02
,,,4.01E-01,-9.60E-01,,,,,4.01E-01,0
,,,4.02E-01,-9.60E-01,,,,,4.02E-01,8.00E-02
,,,4.02E-01,-9.60E-01,,,,,4.02E-01,8.00E-02
,,,4.02E-01,-1.04,,,,,4.02E-01,8.00E-02
,,,4.03E-01,-1.04,,,,,4.03E-01,8.00E-02
,,,4.03E-01,-1.12,,,,,4.03E-01,8.00E-02
,,,4.04E-01,-1.04,,,,,4.04E-01,8.00E-02
,,,4.04E-01,-1.12,,,,,4.04E-01,8.00E-02
,,,4.04E-01,-1.12,,,,,4.04E-01,8.00E-02
,,,4.05E-01,-1.1999999,,,,,4.05E-01,8.00E-02
,,,4.05E-01,-1.1999999,,,,,4.05E-01,8.00E-02
,,,4.06E-01,-1.1999999,,,,,4.06E-01,8.00E-02
,,,4.06E-01,-1.28,,,,,4.06E-01,8.00E-02
,,,4.06E-01,-1.28,,,,,4.06E-01,8.00E-02
,,,4.07E-01,-1.28,,,,,4.07E-01,8.00E-02
,,,4.07E-01,-1.36,,,,,4.07E-01,8.00E-02
,,,4.08E-01,-1.36,,,,,4.08E-01,8.00E-02
,,,4.08E-01,-1.4399999,,,,,4.08E-01,8.00E-02
,,,4.08E-01,-1.52,,,,,4.08E-01,8.00E-02
,,,4.09E-01,-1.52,,,,,4.09E-01,8.00E-02
,,,4.09E-01,-1.52,,,,,4.09E-01,8.00E-02
,,,4.10E-01,-1.52,,,,,4.10E-01,8.00E-02
,,,4.10E-01,-1.52,,,,,4.10E-01,8.00E-02
,,,4.10E-01,-1.52,,,,,4.10E-01,8.00E-02
,,,4.11E-01,-1.5999999,,,,,4.11E-01,8.00E-02
,,,4.11E-01,-1.6799999,,,,,4.11E-01,8.00E-02
,,,4.12E-01,-1.6799999,,,,,4.12E-01,8.00E-02
,,,4.12E-01,-1.6799999,,,,,4.12E-01,8.00E-02
,,,4.12E-01,-1.76,,,,,4.12E-01,8.00E-02
,,,4.13E-01,-1.76,,,,,4.13E-01,8.00E-02
,,,4.13E-01,-1.76,,,,,4.13E-01,8.00E-02
,,,4.14E-01,-1.8399999,,,,,4.14E-01,8.00E-02
,,,4.14E-01,-1.8399999,,,,,4.14E-01,8.00E-02
,,,4.14E-01,-1.92,,,,,4.14E-01,8.00E-02
,,,4.15E-01,-1.92,,,,,4.15E-01,0
,,,4.15E-01,-1.92,,,,,4.15E-01,8.00E-02
,,,4.16E-01,-1.92,,,,,4.16E-01,8.00E-02
,,,4.16E-01,-2,,,,,4.16E-01,8.00E-02
,,,4.16E-01,-1.92,,,,,4.16E-01,8.00E-02
,,,4.17E-01,-1.8399999,,,,,4.17E-01,8.00E-02
,,,4.17E-01,-1.92,,,,,4.17E-01,8.00E-02
,,,4.18E-01,-1.8399999,,,,,4.18E-01,8.00E-02
,,,4.18E-01,-1.76,,,,,4.18E-01,8.00E-02
,,,4.18E-01,-1.8399999,,,,,4.18E-01,8.00E-02
,,,4.19E-01,-1.76,,,,,4.19E-01,8.00E-02
,,,4.19E-01,-1.76,,,,,4.19E-01,8.00E-02
,,,4.20E-01,-1.6799999,,,,,4.20E-01,8.00E-02
,,,4.20E-01,-1.5999999,,,,,4.20E-01,8.00E-02
,,,4.20E-01,-1.5999999,,,,,4.20E-01,8.00E-02
,,,4.21E-01,-1.5999999,,,,,4.21E-01,8.00E-02
,,,4.21E-01,-1.52,,,,,4.21E-01,8.00E-02
,,,4.22E-01,-1.52,,,,,4.22E-01,8.00E-02
,,,4.22E-01,-1.52,,,,,4.22E-01,8.00E-02
,,,4.22E-01,-1.52,,,,,4.22E-01,8.00E-02
,,,4.23E-01,-1.4399999,,,,,4.23E-01,8.00E-02
,,,4.23E-01,-1.4399999,,,,,4.23E-01,8.00E-02
,,,4.24E-01,-1.36,,,,,4.24E-01,8.00E-02
,,,4.24E-01,-1.36,,,,,4.24E-01,8.00E-02
,,,4.24E-01,-1.36,,,,,4.24E-01,8.00E-02
,,,4.25E-01,-1.36,,,,,4.25E-01,8.00E-02
,,,4.25E-01,-1.28,,,,,4.25E-01,8.00E-02
,,,4.26E-01,-1.28,,,,,4.26E-01,8.00E-02
,,,4.26E-01,-1.28,,,,,4.26E-01,8.00E-02
,,,4.26E-01,-1.1999999,,,,,4.26E-01,8.00E-02
,,,4.27E-01,-1.12,,,,,4.27E-01,8.00E-02
,,,4.27E-01,-1.12,,,,,4.27E-01,8.00E-02
,,,4.28E-01,-1.12,,,,,4.28E-01,8.00E-02
,,,4.28E-01,-1.12,,,,,4.28E-01,8.00E-02
,,,4.28E-01,-1.04,,,,,4.28E-01,8.00E-02
,,,4.29E-01,-1.04,,,,,4.29E-01,8.00E-02
,,,4.29E-01,-9.60E-01,,,,,4.29E-01,8.00E-02
,,,4.30E-01,-9.60E-01,,,,,4.30E-01,8.00E-02
,,,4.30E-01,-9.60E-01,,,,,4.30E-01,8.00E-02
,,,4.30E-01,-8.80E-01,,,,,4.30E-01,8.00E-02
,,,4.31E-01,-8.80E-01,,,,,4.31E-01,8.00E-02
,,,4.31E-01,-8.80E-01,,,,,4.31E-01,8.00E-02
,,,4.32E-01,-8.00E-01,,,,,4.32E-01,8.00E-02
,,,4.32E-01,-8.80E-01,,,,,4.32E-01,8.00E-02
,,,4.32E-01,-8.00E-01,,,,,4.32E-01,8.00E-02
,,,4.33E-01,-7.20E-01,,,,,4.33E-01,8.00E-02
,,,4.33E-01,-7.20E-01,,,,,4.33E-01,8.00E-02
,,,4.34E-01,-6.40E-01,,,,,4.34E-01,8.00E-02
,,,4.34E-01,-6.40E-01,,,,,4.34E-01,8.00E-02
,,,4.34E-01,-5.60E-01,,,,,4.34E-01,8.00E-02
,,,4.35E-01,-6.40E-01,,,,,4.35E-01,8.00E-02
,,,4.35E-01,-5.60E-01,,,,,4.35E-01,8.00E-02
,,,4.36E-01,-5.60E-01,,,,,4.36E-01,8.00E-02
,,,4.36E-01,-4.80E-01,,,,,4.36E-01,8.00E-02
,,,4.36E-01,-4.80E-01,,,,,4.36E-01,8.00E-02
,,,4.37E-01,-4.00E-01,,,,,4.37E-01,8.00E-02
,,,4.37E-01,-3.20E-01,,,,,4.37E-01,8.00E-02
,,,4.38E-01,-4.00E-01,,,,,4.38E-01,8.00E-02
,,,4.38E-01,-4.00E-01,,,,,4.38E-01,8.00E-02
,,,4.38E-01,-3.20E-01,,,,,4.38E-01,8.00E-02
,,,4.39E-01,-3.20E-01,,,,,4.39E-01,8.00E-02
,,,4.39E-01,-2.40E-01,,,,,4.39E-01,8.00E-02
,,,4.40E-01,-2.40E-01,,,,,4.40E-01,8.00E-02
,,,4.40E-01,-2.40E-01,,,,,4.40E-01,8.00E-02
,,,4.40E-01,-1.60E-01,,,,,4.40E-01,0
,,,4.41E-01,-1.60E-01,,,,,4.41E-01,8.00E-02
,,,4.41E-01,-1.60E-01,,,,,4.41E-01,0
,,,4.42E-01,-8.00E-02,,,,,4.42E-01,8.00E-02
,,,4.42E-01,-8.00E-02,,,,,4.42E-01,8.00E-02
,,,4.42E-01,0,,,,,4.42E-01,8.00E-02
,,,4.43E-01,0,,,,,4.43E-01,8.00E-02
,,,4.43E-01,0,,,,,4.43E-01,8.00E-02
,,,4.44E-01,0,,,,,4.44E-01,8.00E-02
,,,4.44E-01,8.00E-02,,,,,4.44E-01,8.00E-02
,,,4.44E-01,8.00E-02,,,,,4.44E-01,8.00E-02
,,,4.45E-01,1.60E-01,,,,,4.45E-01,8.00E-02
,,,4.45E-01,1.60E-01,,,,,4.45E-01,8.00E-02
,,,4.46E-01,2.40E-01,,,,,4.46E-01,8.00E-02
,,,4.46E-01,2.40E-01,,,,,4.46E-01,8.00E-02
,,,4.46E-01,2.40E-01,,,,,4.46E-01,8.00E-02
,,,4.47E-01,3.20E-01,,,,,4.47E-01,8.00E-02
,,,4.47E-01,3.20E-01,,,,,4.47E-01,8.00E-02
,,,4.48E-01,3.20E-01,,,,,4.48E-01,8.00E-02
,,,4.48E-01,3.20E-01,,,,,4.48E-01,0
,,,4.48E-01,4.00E-01,,,,,4.48E-01,8.00E-02
,,,4.49E-01,4.00E-01,,,,,4.49E-01,0
,,,4.49E-01,4.80E-01,,,,,4.49E-01,8.00E-02
,,,4.50E-01,4.80E-01,,,,,4.50E-01,0
,,,4.50E-01,4.80E-01,,,,,4.50E-01,0
,,,4.50E-01,5.60E-01,,,,,4.50E-01,8.00E-02
,,,4.51E-01,5.60E-01,,,,,4.51E-01,8.00E-02
,,,4.51E-01,5.60E-01,,,,,4.51E-01,8.00E-02
,,,4.52E-01,5.60E-01,,,,,4.52E-01,8.00E-02
,,,4.52E-01,6.40E-01,,,,,4.52E-01,8.00E-02
,,,4.52E-01,6.40E-01,,,,,4.52E-01,8.00E-02
,,,4.53E-01,7.20E-01,,,,,4.53E-01,8.00E-02
,,,4.53E-01,7.20E-01,,,,,4.53E-01,8.00E-02
,,,4.54E-01,7.20E-01,,,,,4.54E-01,8.00E-02
,,,4.54E-01,7.20E-01,,,,,4.54E-01,1.60E-01
,,,4.54E-01,8.00E-01,,,,,4.54E-01,1.60E-01
,,,4.55E-01,8.00E-01,,,,,4.55E-01,1.60E-01
,,,4.55E-01,8.00E-01,,,,,4.55E-01,1.60E-01
,,,4.56E-01,8.80E-01,,,,,4.56E-01,2.40E-01
,,,4.56E-01,8.80E-01,,,,,4.56E-01,1.60E-01
,,,4.56E-01,8.80E-01,,,,,4.56E-01,2.40E-01
,,,4.57E-01,8.80E-01,,,,,4.57E-01,2.40E-01
,,,4.57E-01,8.80E-01,,,,,4.57E-01,2.40E-01
,,,4.58E-01,8.80E-01,,,,,4.58E-01,2.40E-01
,,,4.58E-01,9.60E-01,,,,,4.58E-01,3.20E-01
,,,4.58E-01,9.60E-01,,,,,4.58E-01,3.20E-01
,,,4.59E-01,1.04,,,,,4.59E-01,3.20E-01
,,,4.59E-01,1.04,,,,,4.59E-01,3.20E-01
,,,4.60E-01,1.04,,,,,4.60E-01,3.20E-01
,,,4.60E-01,1.04,,,,,4.60E-01,3.20E-01
,,,4.60E-01,1.04,,,,,4.60E-01,3.20E-01
,,,4.61E-01,1.04,,,,,4.61E-01,4.00E-01
,,,4.61E-01,1.12,,,,,4.61E-01,4.00E-01
,,,4.62E-01,1.12,,,,,4.62E-01,4.80E-01
,,,4.62E-01,1.12,,,,,4.62E-01,4.00E-01
,,,4.62E-01,1.1999999,,,,,4.62E-01,4.80E-01
,,,4.63E-01,1.12,,,,,4.63E-01,4.80E-01
,,,4.63E-01,1.12,,,,,4.63E-01,4.80E-01
,,,4.64E-01,1.1999999,,,,,4.64E-01,4.80E-01
,,,4.64E-01,1.28,,,,,4.64E-01,5.60E-01
,,,4.64E-01,1.28,,,,,4.64E-01,5.60E-01
,,,4.65E-01,1.28,,,,,4.65E-01,5.60E-01
,,,4.65E-01,1.28,,,,,4.65E-01,5.60E-01
,,,4.66E-01,1.28,,,,,4.66E-01,6.40E-01
,,,4.66E-01,1.36,,,,,4.66E-01,5.60E-01
,,,4.66E-01,1.36,,,,,4.66E-01,6.40E-01
,,,4.67E-01,1.28,,,,,4.67E-01,6.40E-01
,,,4.67E-01,1.36,,,,,4.67E-01,6.40E-01
,,,4.68E-01,1.36,,,,,4.68E-01,6.40E-01
,,,4.68E-01,1.36,,,,,4.68E-01,7.20E-01
,,,4.68E-01,1.4399999,,,,,4.68E-01,7.20E-01
,,,4.69E-01,1.4399999,,,,,4.69E-01,7.20E-01
,,,4.69E-01,1.4399999,,,,,4.69E-01,7.20E-01
,,,4.70E-01,1.52,,,,,4.70E-01,7.20E-01
,,,4.70E-01,1.52,,,,,4.70E-01,8.00E-01
,,,4.70E-01,1.52,,,,,4.70E-01,8.00E-01
,,,4.71E-01,1.52,,,,,4.71E-01,8.00E-01
,,,4.71E-01,1.52,,,,,4.71E-01,8.80E-01
,,,4.72E-01,1.52,,,,,4.72E-01,8.80E-01
,,,4.72E-01,1.5999999,,,,,4.72E-01,8.80E-01
,,,4.72E-01,1.5999999,,,,,4.72E-01,9.60E-01
,,,4.73E-01,1.6799999,,,,,4.73E-01,9.60E-01
,,,4.73E-01,1.6799999,,,,,4.73E-01,9.60E-01
,,,4.74E-01,1.6799999,,,,,4.74E-01,9.60E-01
,,,4.74E-01,1.6799999,,,,,4.74E-01,9.60E-01
,,,4.74E-01,1.6799999,,,,,4.74E-01,9.60E-01
,,,4.75E-01,1.6799999,,,,,4.75E-01,1.04
,,,4.75E-01,1.6799999,,,,,4.75E-01,9.60E-01
,,,4.76E-01,1.76,,,,,4.76E-01,1.04
,,,4.76E-01,1.8399999,,,,,4.76E-01,1.04
,,,4.76E-01,1.8399999,,,,,4.76E-01,1.12
,,,4.77E-01,1.76,,,,,4.77E-01,1.04
,,,4.77E-01,1.8399999,,,,,4.77E-01,1.12
,,,4.78E-01,1.8399999,,,,,4.78E-01,1.12
,,,4.78E-01,1.8399999,,,,,4.78E-01,1.12
,,,4.78E-01,1.8399999,,,,,4.78E-01,1.12
,,,4.79E-01,1.92,,,,,4.79E-01,1.1999999
,,,4.79E-01,1.92,,,,,4.79E-01,1.1999999
,,,4.80E-01,1.92,,,,,4.80E-01,1.1999999
,,,4.80E-01,1.92,,,,,4.80E-01,1.1999999
,,,4.80E-01,2,,,,,4.80E-01,1.1999999
,,,4.81E-01,2,,,,,4.81E-01,1.28
,,,4.81E-01,2,,,,,4.81E-01,1.28
,,,4.82E-01,2.0799999,,,,,4.82E-01,1.28
,,,4.82E-01,2.0799999,,,,,4.82E-01,1.36
,,,4.82E-01,2,,,,,4.82E-01,1.36
,,,4.83E-01,2.0799999,,,,,4.83E-01,1.36
,,,4.83E-01,2.0799999,,,,,4.83E-01,1.36
,,,4.84E-01,2.0799999,,,,,4.84E-01,1.4399999
,,,4.84E-01,2.0799999,,,,,4.84E-01,1.4399999
,,,4.84E-01,2.1599998,,,,,4.84E-01,1.4399999
,,,4.85E-01,2.1599998,,,,,4.85E-01,1.4399999
,,,4.85E-01,2.1599998,,,,,4.85E-01,1.4399999
,,,4.86E-01,2.24,,,,,4.86E-01,1.4399999
,,,4.86E-01,2.24,,,,,4.86E-01,1.4399999
,,,4.86E-01,2.24,,,,,4.86E-01,1.52
,,,4.87E-01,2.24,,,,,4.87E-01,1.52
,,,4.87E-01,2.3199999,,,,,4.87E-01,1.5999999
,,,4.88E-01,2.3199999,,,,,4.88E-01,1.5999999
,,,4.88E-01,2.3199999,,,,,4.88E-01,1.5999999
,,,4.88E-01,2.3199999,,,,,4.88E-01,1.5999999
,,,4.89E-01,2.3199999,,,,,4.89E-01,1.5999999
,,,4.89E-01,2.3199999,,,,,4.89E-01,1.5999999
,,,4.90E-01,2.3999999,,,,,4.90E-01,1.5999999
,,,4.90E-01,2.3999999,,,,,4.90E-01,1.6799999
,,,4.90E-01,2.3999999,,,,,4.90E-01,1.76
,,,4.91E-01,2.3999999,,,,,4.91E-01,1.76
,,,4.91E-01,2.48,,,,,4.91E-01,1.76
,,,4.92E-01,2.48,,,,,4.92E-01,1.76
,,,4.92E-01,2.48,,,,,4.92E-01,1.76
,,,4.92E-01,2.5599999,,,,,4.92E-01,1.76
,,,4.93E-01,2.48,,,,,4.93E-01,1.8399999
,,,4.93E-01,2.5599999,,,,,4.93E-01,1.8399999
,,,4.94E-01,2.5599999,,,,,4.94E-01,1.76
,,,4.94E-01,2.5599999,,,,,4.94E-01,1.8399999
,,,4.94E-01,2.6399999,,,,,4.94E-01,1.8399999
,,,4.95E-01,2.6399999,,,,,4.95E-01,1.8399999
,,,4.95E-01,2.6399999,,,,,4.95E-01,1.92
,,,4.96E-01,2.6399999,,,,,4.96E-01,1.92
,,,4.96E-01,2.6399999,,,,,4.96E-01,1.92
,,,4.96E-01,2.6399999,,,,,4.96E-01,2
,,,4.97E-01,2.72000003,,,,,4.97E-01,2
,,,4.97E-01,2.72000003,,,,,4.97E-01,1.92
,,,4.98E-01,2.72000003,,,,,4.98E-01,2.0799999
,,,4.98E-01,2.79999995,,,,,4.98E-01,2
,,,4.98E-01,2.79999995,,,,,4.98E-01,2.0799999
,,,4.99E-01,2.79999995,,,,,4.99E-01,2.0799999
,,,4.99E-01,2.79999995,,,,,4.99E-01,2.0799999
,,,5.00E-01,2.87999988,,,,,5.00E-01,2.1599998
,,,5.00E-01,2.87999988,,,,,5.00E-01,2.1599998
,,,5.00E-01,2.87999988,,,,,5.00E-01,2.1599998
,,,5.01E-01,2.87999988,,,,,5.01E-01,2.1599998
,,,5.01E-01,2.87999988,,,,,5.01E-01,2.1599998
,,,5.02E-01,2.96000004,,,,,5.02E-01,2.1599998
,,,5.02E-01,2.96000004,,,,,5.02E-01,2.24
,,,5.02E-01,2.96000004,,,,,5.02E-01,2.24
,,,5.03E-01,3.03999996,,,,,5.03E-01,2.24
,,,5.03E-01,3.03999996,,,,,5.03E-01,2.24
,,,5.04E-01,3.03999996,,,,,5.04E-01,2.3199999
,,,5.04E-01,3.03999996,,,,,5.04E-01,2.3199999
,,,5.04E-01,3.03999996,,,,,5.04E-01,2.3199999
,,,5.05E-01,3.03999996,,,,,5.05E-01,2.3199999
,,,5.05E-01,3.03999996,,,,,5.05E-01,2.3199999
,,,5.06E-01,3.11999989,,,,,5.06E-01,2.3999999
,,,5.06E-01,3.11999989,,,,,5.06E-01,2.3999999
,,,5.06E-01,3.19999981,,,,,5.06E-01,2.3999999
,,,5.07E-01,3.11999989,,,,,5.07E-01,2.3999999
,,,5.07E-01,3.19999981,,,,,5.07E-01,2.3999999
,,,5.08E-01,3.19999981,,,,,5.08E-01,2.48
,,,5.08E-01,3.19999981,,,,,5.08E-01,2.48
,,,5.08E-01,3.19999981,,,,,5.08E-01,2.48
,,,5.09E-01,3.27999997,,,,,5.09E-01,2.5599999
,,,5.09E-01,3.27999997,,,,,5.09E-01,2.48
,,,5.10E-01,3.27999997,,,,,5.10E-01,2.48
,,,5.10E-01,3.27999997,,,,,5.10E-01,2.48
,,,5.10E-01,3.27999997,,,,,5.10E-01,2.5599999
,,,5.11E-01,3.3599999,,,,,5.11E-01,2.6399999
,,,5.11E-01,3.3599999,,,,,5.11E-01,2.5599999
,,,5.12E-01,3.3599999,,,,,5.12E-01,2.6399999
,,,5.12E-01,3.3599999,,,,,5.12E-01,2.6399999
,,,5.12E-01,3.43999982,,,,,5.12E-01,2.6399999
,,,5.13E-01,3.3599999,,,,,5.13E-01,2.72000003
,,,5.13E-01,3.43999982,,,,,5.13E-01,2.72000003
,,,5.14E-01,3.43999982,,,,,5.14E-01,2.6399999
,,,5.14E-01,3.51999998,,,,,5.14E-01,2.72000003
,,,5.14E-01,3.51999998,,,,,5.14E-01,2.72000003
,,,5.15E-01,3.51999998,,,,,5.15E-01,2.72000003
,,,5.15E-01,3.51999998,,,,,5.15E-01,2.72000003
,,,5.16E-01,3.5999999,,,,,5.16E-01,2.79999995
,,,5.16E-01,3.5999999,,,,,5.16E-01,2.79999995
,,,5.16E-01,3.51999998,,,,,5.16E-01,2.72000003
,,,5.17E-01,3.51999998,,,,,5.17E-01,2.79999995
,,,5.17E-01,3.51999998,,,,,5.17E-01,2.72000003
,,,5.18E-01,3.43999982,,,,,5.18E-01,2.72000003
,,,5.18E-01,3.43999982,,,,,5.18E-01,2.72000003
,,,5.18E-01,3.43999982,,,,,5.18E-01,2.6399999
,,,5.19E-01,3.43999982,,,,,5.19E-01,2.6399999
,,,5.19E-01,3.3599999,,,,,5.19E-01,2.6399999
,,,5.20E-01,3.3599999,,,,,5.20E-01,2.6399999
,,,5.20E-01,3.3599999,,,,,5.20E-01,2.6399999
,,,5.20E-01,3.3599999,,,,,5.20E-01,2.6399999
,,,5.21E-01,3.3599999,,,,,5.21E-01,2.5599999
,,,5.21E-01,3.27999997,,,,,5.21E-01,2.5599999
,,,5.22E-01,3.27999997,,,,,5.22E-01,2.48
,,,5.22E-01,3.27999997,,,,,5.22E-01,2.5599999
,,,5.22E-01,3.19999981,,,,,5.22E-01,2.48
,,,5.23E-01,3.27999997,,,,,5.23E-01,2.48
,,,5.23E-01,3.19999981,,,,,5.23E-01,2.48
,,,5.24E-01,3.19999981,,,,,5.24E-01,2.3999999
,,,5.24E-01,3.19999981,,,,,5.24E-01,2.3999999
,,,5.24E-01,3.19999981,,,,,5.24E-01,2.3999999
,,,5.25E-01,3.19999981,,,,,5.25E-01,2.3999999
,,,5.25E-01,3.11999989,,,,,5.25E-01,2.3999999
,,,5.26E-01,3.11999989,,,,,5.26E-01,2.3999999
,,,5.26E-01,3.11999989,,,,,5.26E-01,2.3999999
,,,5.26E-01,3.03999996,,,,,5.26E-01,2.3199999
,,,5.27E-01,3.03999996,,,,,5.27E-01,2.3199999
,,,5.27E-01,3.03999996,,,,,5.27E-01,2.3199999
,,,5.28E-01,3.03999996,,,,,5.28E-01,2.24
,,,5.28E-01,3.03999996,,,,,5.28E-01,2.24
,,,5.28E-01,3.03999996,,,,,5.28E-01,2.24
,,,5.29E-01,2.96000004,,,,,5.29E-01,2.24
,,,5.29E-01,3.03999996,,,,,5.29E-01,2.24
,,,5.30E-01,2.96000004,,,,,5.30E-01,2.1599998
,,,5.30E-01,2.96000004,,,,,5.30E-01,2.24
,,,5.30E-01,2.96000004,,,,,5.30E-01,2.1599998
,,,5.31E-01,2.87999988,,,,,5.31E-01,2.1599998
,,,5.31E-01,2.87999988,,,,,5.31E-01,2.0799999
,,,5.32E-01,2.79999995,,,,,5.32E-01,2.0799999
,,,5.32E-01,2.87999988,,,,,5.32E-01,2.0799999
,,,5.32E-01,2.87999988,,,,,5.32E-01,2.0799999
,,,5.33E-01,2.79999995,,,,,5.33E-01,2.0799999
,,,5.33E-01,2.72000003,,,,,5.33E-01,2.0799999
,,,5.34E-01,2.72000003,,,,,5.34E-01,2
,,,5.34E-01,2.72000003,,,,,5.34E-01,2
,,,5.34E-01,2.72000003,,,,,5.34E-01,2
,,,5.35E-01,2.72000003,,,,,5.35E-01,1.92
,,,5.35E-01,2.6399999,,,,,5.35E-01,1.92
,,,5.36E-01,2.6399999,,,,,5.36E-01,1.92
,,,5.36E-01,2.6399999,,,,,5.36E-01,1.92
,,,5.36E-01,2.6399999,,,,,5.36E-01,1.92
,,,5.37E-01,2.6399999,,,,,5.37E-01,1.8399999
,,,5.37E-01,2.6399999,,,,,5.37E-01,1.8399999
,,,5.38E-01,2.5599999,,,,,5.38E-01,1.8399999
,,,5.38E-01,2.5599999,,,,,5.38E-01,1.8399999
,,,5.38E-01,2.5599999,,,,,5.38E-01,1.76
,,,5.39E-01,2.48,,,,,5.39E-01,1.76
,,,5.39E-01,2.48,,,,,5.39E-01,1.76
,,,5.40E-01,2.48,,,,,5.40E-01,1.76
,,,5.40E-01,2.48,,,,,5.40E-01,1.76
,,,5.40E-01,2.3999999,,,,,5.40E-01,1.6799999
,,,5.41E-01,2.48,,,,,5.41E-01,1.6799999
,,,5.41E-01,2.3999999,,,,,5.41E-01,1.6799999
,,,5.42E-01,2.3199999,,,,,5.42E-01,1.6799999
,,,5.42E-01,2.3199999,,,,,5.42E-01,1.5999999
,,,5.42E-01,2.3199999,,,,,5.42E-01,1.5999999
,,,5.43E-01,2.3199999,,,,,5.43E-01,1.6799999
,,,5.43E-01,2.3199999,,,,,5.43E-01,1.5999999
,,,5.44E-01,2.3199999,,,,,5.44E-01,1.5999999
,,,5.44E-01,2.3199999,,,,,5.44E-01,1.5999999
,,,5.44E-01,2.3199999,,,,,5.44E-01,1.52
,,,5.45E-01,2.24,,,,,5.45E-01,1.52
,,,5.45E-01,2.24,,,,,5.45E-01,1.52
,,,5.46E-01,2.1599998,,,,,5.46E-01,1.52
,,,5.46E-01,2.1599998,,,,,5.46E-01,1.52
,,,5.46E-01,2.1599998,,,,,5.46E-01,1.4399999
,,,5.47E-01,2.1599998,,,,,5.47E-01,1.4399999
,,,5.47E-01,2.0799999,,,,,5.47E-01,1.4399999
,,,5.48E-01,2.0799999,,,,,5.48E-01,1.4399999
,,,5.48E-01,2.0799999,,,,,5.48E-01,1.36
,,,5.48E-01,2.0799999,,,,,5.48E-01,1.36
,,,5.49E-01,2.0799999,,,,,5.49E-01,1.36
,,,5.49E-01,2,,,,,5.49E-01,1.28
,,,5.50E-01,2,,,,,5.50E-01,1.28
,,,5.50E-01,2,,,,,5.50E-01,1.28
,,,5.50E-01,2,,,,,5.50E-01,1.28
,,,5.51E-01,2,,,,,5.51E-01,1.28
,,,5.51E-01,1.92,,,,,5.51E-01,1.28
,,,5.52E-01,2,,,,,5.52E-01,1.1999999
,,,5.52E-01,1.92,,,,,5.52E-01,1.1999999
,,,5.52E-01,1.92,,,,,5.52E-01,1.1999999
,,,5.53E-01,1.92,,,,,5.53E-01,1.1999999
,,,5.53E-01,1.8399999,,,,,5.53E-01,1.12
,,,5.54E-01,1.8399999,,,,,5.54E-01,1.12
,,,5.54E-01,1.8399999,,,,,5.54E-01,1.12
,,,5.54E-01,1.8399999,,,,,5.54E-01,1.04
,,,5.55E-01,1.76,,,,,5.55E-01,1.04
,,,5.55E-01,1.76,,,,,5.55E-01,1.04
,,,5.56E-01,1.8399999,,,,,5.56E-01,1.04
,,,5.56E-01,1.76,,,,,5.56E-01,1.04
,,,5.56E-01,1.76,,,,,5.56E-01,1.04
,,,5.57E-01,1.6799999,,,,,5.57E-01,1.04
,,,5.57E-01,1.6799999,,,,,5.57E-01,1.04
,,,5.58E-01,1.6799999,,,,,5.58E-01,1.04
,,,5.58E-01,1.6799999,,,,,5.58E-01,9.60E-01
,,,5.58E-01,1.6799999,,,,,5.58E-01,9.60E-01
,,,5.59E-01,1.6799999,,,,,5.59E-01,8.80E-01
,,,5.59E-01,1.5999999,,,,,5.59E-01,8.80E-01
,,,5.60E-01,1.5999999,,,,,5.60E-01,8.80E-01
,,,5.60E-01,1.52,,,,,5.60E-01,8.80E-01
,,,5.60E-01,1.52,,,,,5.60E-01,8.80E-01
,,,5.61E-01,1.52,,,,,5.61E-01,8.00E-01
,,,5.61E-01,1.4399999,,,,,5.61E-01,8.00E-01
,,,5.62E-01,1.52,,,,,5.62E-01,8.00E-01
,,,5.62E-01,1.4399999,,,,,5.62E-01,8.00E-01
,,,5.62E-01,1.52,,,,,5.62E-01,7.20E-01
,,,5.63E-01,1.4399999,,,,,5.63E-01,7.20E-01
,,,5.63E-01,1.4399999,,,,,5.63E-01,7.20E-01
,,,5.64E-01,1.4399999,,,,,5.64E-01,7.20E-01
,,,5.64E-01,1.36,,,,,5.64E-01,6.40E-01
,,,5.64E-01,1.36,,,,,5.64E-01,6.40E-01
,,,5.65E-01,1.28,,,,,5.65E-01,6.40E-01
,,,5.65E-01,1.28,,,,,5.65E-01,6.40E-01
,,,5.66E-01,1.28,,,,,5.66E-01,5.60E-01
,,,5.66E-01,1.28,,,,,5.66E-01,5.60E-01
,,,5.66E-01,1.28,,,,,5.66E-01,5.60E-01
,,,5.67E-01,1.28,,,,,5.67E-01,5.60E-01
,,,5.67E-01,1.28,,,,,5.67E-01,5.60E-01
,,,5.68E-01,1.28,,,,,5.68E-01,5.60E-01
,,,5.68E-01,1.1999999,,,,,5.68E-01,4.80E-01
,,,5.68E-01,1.1999999,,,,,5.68E-01,4.80E-01
,,,5.69E-01,1.1999999,,,,,5.69E-01,4.80E-01
,,,5.69E-01,1.12,,,,,5.69E-01,4.00E-01
,,,5.70E-01,1.12,,,,,5.70E-01,4.00E-01
,,,5.70E-01,1.12,,,,,5.70E-01,4.00E-01
,,,5.70E-01,1.12,,,,,5.70E-01,4.00E-01
,,,5.71E-01,1.12,,,,,5.71E-01,4.00E-01
,,,5.71E-01,1.12,,,,,5.71E-01,3.20E-01
,,,5.72E-01,1.04,,,,,5.72E-01,3.20E-01
,,,5.72E-01,1.04,,,,,5.72E-01,3.20E-01
,,,5.72E-01,9.60E-01,,,,,5.72E-01,3.20E-01
,,,5.73E-01,9.60E-01,,,,,5.73E-01,3.20E-01
,,,5.73E-01,9.60E-01,,,,,5.73E-01,3.20E-01
,,,5.74E-01,9.60E-01,,,,,5.74E-01,2.40E-01
,,,5.74E-01,9.60E-01,,,,,5.74E-01,2.40E-01
,,,5.74E-01,8.80E-01,,,,,5.74E-01,2.40E-01
,,,5.75E-01,8.80E-01,,,,,5.75E-01,2.40E-01
,,,5.75E-01,8.80E-01,,,,,5.75E-01,2.40E-01
,,,5.76E-01,8.80E-01,,,,,5.76E-01,1.60E-01
,,,5.76E-01,8.00E-01,,,,,5.76E-01,2.40E-01
,,,5.76E-01,8.00E-01,,,,,5.76E-01,1.60E-01
,,,5.77E-01,8.00E-01,,,,,5.77E-01,1.60E-01
,,,5.77E-01,7.20E-01,,,,,5.77E-01,8.00E-02
,,,5.78E-01,7.20E-01,,,,,5.78E-01,1.60E-01
,,,5.78E-01,7.20E-01,,,,,5.78E-01,8.00E-02
,,,5.78E-01,7.20E-01,,,,,5.78E-01,8.00E-02
,,,5.79E-01,6.40E-01,,,,,5.79E-01,8.00E-02
,,,5.79E-01,5.60E-01,,,,,5.79E-01,8.00E-02
,,,5.80E-01,6.40E-01,,,,,5.80E-01,8.00E-02
,,,5.80E-01,5.60E-01,,,,,5.80E-01,8.00E-02
,,,5.80E-01,5.60E-01,,,,,5.80E-01,8.00E-02
,,,5.81E-01,5.60E-01,,,,,5.81E-01,8.00E-02
,,,5.81E-01,4.80E-01,,,,,5.81E-01,8.00E-02
,,,5.82E-01,5.60E-01,,,,,5.82E-01,8.00E-02
,,,5.82E-01,4.80E-01,,,,,5.82E-01,8.00E-02
,,,5.82E-01,4.80E-01,,,,,5.82E-01,8.00E-02
,,,5.83E-01,4.00E-01,,,,,5.83E-01,8.00E-02
,,,5.83E-01,4.00E-01,,,,,5.83E-01,8.00E-02
,,,5.84E-01,4.00E-01,,,,,5.84E-01,8.00E-02
,,,5.84E-01,3.20E-01,,,,,5.84E-01,8.00E-02
,,,5.84E-01,3.20E-01,,,,,5.84E-01,8.00E-02
,,,5.85E-01,3.20E-01,,,,,5.85E-01,8.00E-02
,,,5.85E-01,2.40E-01,,,,,5.85E-01,8.00E-02
,,,5.86E-01,1.60E-01,,,,,5.86E-01,8.00E-02
,,,5.86E-01,1.60E-01,,,,,5.86E-01,8.00E-02
,,,5.86E-01,1.60E-01,,,,,5.86E-01,8.00E-02
,,,5.87E-01,1.60E-01,,,,,5.87E-01,8.00E-02
,,,5.87E-01,8.00E-02,,,,,5.87E-01,8.00E-02
,,,5.88E-01,0,,,,,5.88E-01,8.00E-02
,,,5.88E-01,0,,,,,5.88E-01,8.00E-02
,,,5.88E-01,0,,,,,5.88E-01,8.00E-02
,,,5.89E-01,0,,,,,5.89E-01,0
,,,5.89E-01,-8.00E-02,,,,,5.89E-01,8.00E-02
,,,5.90E-01,-8.00E-02,,,,,5.90E-01,8.00E-02
,,,5.90E-01,-8.00E-02,,,,,5.90E-01,8.00E-02
,,,5.90E-01,-1.60E-01,,,,,5.90E-01,8.00E-02
,,,5.91E-01,-1.60E-01,,,,,5.91E-01,8.00E-02
,,,5.91E-01,-1.60E-01,,,,,5.91E-01,8.00E-02
,,,5.92E-01,-2.40E-01,,,,,5.92E-01,8.00E-02
,,,5.92E-01,-2.40E-01,,,,,5.92E-01,8.00E-02
,,,5.92E-01,-2.40E-01,,,,,5.92E-01,8.00E-02
,,,5.93E-01,-3.20E-01,,,,,5.93E-01,8.00E-02
,,,5.93E-01,-3.20E-01,,,,,5.93E-01,8.00E-02
,,,5.94E-01,-4.00E-01,,,,,5.94E-01,8.00E-02
,,,5.94E-01,-4.00E-01,,,,,5.94E-01,8.00E-02
,,,5.94E-01,-4.00E-01,,,,,5.94E-01,8.00E-02
,,,5.95E-01,-4.00E-01,,,,,5.95E-01,8.00E-02
,,,5.95E-01,-4.80E-01,,,,,5.95E-01,8.00E-02
,,,5.96E-01,-5.60E-01,,,,,5.96E-01,8.00E-02
,,,5.96E-01,-5.60E-01,,,,,5.96E-01,8.00E-02
,,,5.96E-01,-5.60E-01,,,,,5.96E-01,8.00E-02
,,,5.97E-01,-5.60E-01,,,,,5.97E-01,0
,,,5.97E-01,-6.40E-01,,,,,5.97E-01,8.00E-02
,,,5.98E-01,-6.40E-01,,,,,5.98E-01,0
,,,5.98E-01,-7.20E-01,,,,,5.98E-01,8.00E-02
,,,5.98E-01,-7.20E-01,,,,,5.98E-01,8.00E-02
,,,5.99E-01,-7.20E-01,,,,,5.99E-01,8.00E-02
,,,5.99E-01,-8.00E-01,,,,,5.99E-01,8.00E-02
,,,6.00E-01,-8.00E-01,,,,,6.00E-01,8.00E-02
,,,6.00E-01,-8.00E-01,,,,,6.00E-01,8.00E-02
,,,6.00E-01,-8.80E-01,,,,,6.00E-01,8.00E-02
,,,6.01E-01,-8.80E-01,,,,,6.01E-01,8.00E-02
,,,6.01E-01,-9.60E-01,,,,,6.01E-01,8.00E-02
,,,6.02E-01,-9.60E-01,,,,,6.02E-01,0
,,,6.02E-01,-9.60E-01,,,,,6.02E-01,8.00E-02
,,,6.02E-01,-1.04,,,,,6.02E-01,8.00E-02
,,,6.03E-01,-1.04,,,,,6.03E-01,8.00E-02
,,,6.03E-01,-1.04,,,,,6.03E-01,8.00E-02
,,,6.04E-01,-1.12,,,,,6.04E-01,8.00E-02
,,,6.04E-01,-1.12,,,,,6.04E-01,8.00E-02
,,,6.04E-01,-1.12,,,,,6.04E-01,8.00E-02
,,,6.05E-01,-1.1999999,,,,,6.05E-01,8.00E-02
,,,6.05E-01,-1.1999999,,,,,6.05E-01,8.00E-02
,,,6.06E-01,-1.28,,,,,6.06E-01,8.00E-02
,,,6.06E-01,-1.28,,,,,6.06E-01,8.00E-02
,,,6.06E-01,-1.28,,,,,6.06E-01,8.00E-02
,,,6.07E-01,-1.36,,,,,6.07E-01,0
,,,6.07E-01,-1.28,,,,,6.07E-01,8.00E-02
,,,6.08E-01,-1.36,,,,,6.08E-01,8.00E-02
,,,6.08E-01,-1.4399999,,,,,6.08E-01,8.00E-02
,,,6.08E-01,-1.4399999,,,,,6.08E-01,8.00E-02
,,,6.09E-01,-1.52,,,,,6.09E-01,8.00E-02
,,,6.09E-01,-1.52,,,,,6.09E-01,8.00E-02
,,,6.10E-01,-1.52,,,,,6.10E-01,8.00E-02
,,,6.10E-01,-1.52,,,,,6.10E-01,0
,,,6.10E-01,-1.5999999,,,,,6.10E-01,0
,,,6.11E-01,-1.5999999,,,,,6.11E-01,8.00E-02
,,,6.11E-01,-1.5999999,,,,,6.11E-01,0
,,,6.12E-01,-1.6799999,,,,,6.12E-01,8.00E-02
,,,6.12E-01,-1.76,,,,,6.12E-01,8.00E-02
,,,6.12E-01,-1.76,,,,,6.12E-01,8.00E-02
,,,6.13E-01,-1.76,,,,,6.13E-01,8.00E-02
,,,6.13E-01,-1.76,,,,,6.13E-01,8.00E-02
,,,6.14E-01,-1.76,,,,,6.14E-01,8.00E-02
,,,6.14E-01,-1.8399999,,,,,6.14E-01,8.00E-02
,,,6.14E-01,-1.92,,,,,6.14E-01,8.00E-02
,,,6.15E-01,-1.92,,,,,6.15E-01,8.00E-02
,,,6.15E-01,-1.92,,,,,6.15E-01,8.00E-02
,,,6.16E-01,-1.92,,,,,6.16E-01,0
,,,6.16E-01,-2,,,,,6.16E-01,8.00E-02
,,,6.16E-01,-1.92,,,,,6.16E-01,8.00E-02
,,,6.17E-01,-1.92,,,,,6.17E-01,8.00E-02
,,,6.17E-01,-1.8399999,,,,,6.17E-01,0
,,,6.18E-01,-1.8399999,,,,,6.18E-01,8.00E-02
,,,6.18E-01,-1.76,,,,,6.18E-01,8.00E-02
,,,6.18E-01,-1.76,,,,,6.18E-01,8.00E-02
,,,6.19E-01,-1.76,,,,,6.19E-01,8.00E-02
,,,6.19E-01,-1.76,,,,,6.19E-01,8.00E-02
,,,6.20E-01,-1.76,,,,,6.20E-01,8.00E-02
,,,6.20E-01,-1.5999999,,,,,6.20E-01,8.00E-02
,,,6.20E-01,-1.6799999,,,,,6.20E-01,8.00E-02
,,,6.21E-01,-1.6799999,,,,,6.21E-01,8.00E-02
,,,6.21E-01,-1.52,,,,,6.21E-01,8.00E-02
,,,6.22E-01,-1.52,,,,,6.22E-01,8.00E-02
,,,6.22E-01,-1.52,,,,,6.22E-01,8.00E-02
,,,6.22E-01,-1.52,,,,,6.22E-01,8.00E-02
,,,6.23E-01,-1.4399999,,,,,6.23E-01,8.00E-02
,,,6.23E-01,-1.52,,,,,6.23E-01,8.00E-02
,,,6.24E-01,-1.4399999,,,,,6.24E-01,8.00E-02
,,,6.24E-01,-1.36,,,,,6.24E-01,8.00E-02
,,,6.24E-01,-1.36,,,,,6.24E-01,8.00E-02
,,,6.25E-01,-1.36,,,,,6.25E-01,0
,,,6.25E-01,-1.28,,,,,6.25E-01,8.00E-02
,,,6.26E-01,-1.28,,,,,6.26E-01,8.00E-02
,,,6.26E-01,-1.1999999,,,,,6.26E-01,8.00E-02
,,,6.26E-01,-1.1999999,,,,,6.26E-01,8.00E-02
,,,6.27E-01,-1.12,,,,,6.27E-01,8.00E-02
,,,6.27E-01,-1.12,,,,,6.27E-01,8.00E-02
,,,6.28E-01,-1.12,,,,,6.28E-01,8.00E-02
,,,6.28E-01,-1.12,,,,,6.28E-01,8.00E-02
,,,6.28E-01,-1.04,,,,,6.28E-01,8.00E-02
,,,6.29E-01,-1.04,,,,,6.29E-01,0
,,,6.29E-01,-1.04,,,,,6.29E-01,8.00E-02
,,,6.30E-01,-9.60E-01,,,,,6.30E-01,8.00E-02
,,,6.30E-01,-9.60E-01,,,,,6.30E-01,8.00E-02
,,,6.30E-01,-9.60E-01,,,,,6.30E-01,8.00E-02
,,,6.31E-01,-8.80E-01,,,,,6.31E-01,0
,,,6.31E-01,-8.00E-01,,,,,6.31E-01,8.00E-02
,,,6.32E-01,-8.00E-01,,,,,6.32E-01,8.00E-02
,,,6.32E-01,-8.00E-01,,,,,6.32E-01,8.00E-02
,,,6.32E-01,-8.00E-01,,,,,6.32E-01,8.00E-02
,,,6.33E-01,-7.20E-01,,,,,6.33E-01,8.00E-02
,,,6.33E-01,-6.40E-01,,,,,6.33E-01,8.00E-02
,,,6.34E-01,-6.40E-01,,,,,6.34E-01,8.00E-02
,,,6.34E-01,-6.40E-01,,,,,6.34E-01,8.00E-02
,,,6.34E-01,-6.40E-01,,,,,6.34E-01,0
,,,6.35E-01,-5.60E-01,,,,,6.35E-01,8.00E-02
,,,6.35E-01,-5.60E-01,,,,,6.35E-01,8.00E-02
,,,6.36E-01,-5.60E-01,,,,,6.36E-01,8.00E-02
,,,6.36E-01,-4.80E-01,,,,,6.36E-01,8.00E-02
,,,6.36E-01,-4.80E-01,,,,,6.36E-01,8.00E-02
,,,6.37E-01,-4.00E-01,,,,,6.37E-01,8.00E-02
,,,6.37E-01,-4.00E-01,,,,,6.37E-01,8.00E-02
,,,6.38E-01,-3.20E-01,,,,,6.38E-01,8.00E-02
,,,6.38E-01,-4.00E-01,,,,,6.38E-01,8.00E-02
,,,6.38E-01,-3.20E-01,,,,,6.38E-01,8.00E-02
,,,6.39E-01,-3.20E-01,,,,,6.39E-01,8.00E-02
,,,6.39E-01,-2.40E-01,,,,,6.39E-01,8.00E-02
,,,6.40E-01,-2.40E-01,,,,,6.40E-01,8.00E-02
,,,6.40E-01,-2.40E-01,,,,,6.40E-01,8.00E-02
,,,6.40E-01,-1.60E-01,,,,,6.40E-01,8.00E-02
,,,6.41E-01,-1.60E-01,,,,,6.41E-01,8.00E-02
,,,6.41E-01,-1.60E-01,,,,,6.41E-01,8.00E-02
,,,6.42E-01,-8.00E-02,,,,,6.42E-01,8.00E-02
,,,6.42E-01,-8.00E-02,,,,,6.42E-01,8.00E-02
,,,6.42E-01,-8.00E-02,,,,,6.42E-01,8.00E-02
,,,6.43E-01,0,,,,,6.43E-01,8.00E-02
,,,6.43E-01,0,,,,,6.43E-01,8.00E-02
,,,6.44E-01,0,,,,,6.44E-01,8.00E-02
,,,6.44E-01,8.00E-02,,,,,6.44E-01,0
,,,6.44E-01,8.00E-02,,,,,6.44E-01,8.00E-02
,,,6.45E-01,1.60E-01,,,,,6.45E-01,8.00E-02
,,,6.45E-01,1.60E-01,,,,,6.45E-01,8.00E-02
,,,6.46E-01,2.40E-01,,,,,6.46E-01,8.00E-02
,,,6.46E-01,1.60E-01,,,,,6.46E-01,8.00E-02
,,,6.46E-01,2.40E-01,,,,,6.46E-01,8.00E-02
,,,6.47E-01,2.40E-01,,,,,6.47E-01,8.00E-02
,,,6.47E-01,3.20E-01,,,,,6.47E-01,8.00E-02
,,,6.48E-01,4.00E-01,,,,,6.48E-01,8.00E-02
,,,6.48E-01,4.00E-01,,,,,6.48E-01,0
,,,6.48E-01,4.00E-01,,,,,6.48E-01,8.00E-02
,,,6.49E-01,4.80E-01,,,,,6.49E-01,8.00E-02
,,,6.49E-01,4.80E-01,,,,,6.49E-01,8.00E-02
,,,6.50E-01,4.80E-01,,,,,6.50E-01,8.00E-02
,,,6.50E-01,4.80E-01,,,,,6.50E-01,8.00E-02
,,,6.50E-01,5.60E-01,,,,,6.50E-01,8.00E-02
,,,6.51E-01,5.60E-01,,,,,6.51E-01,8.00E-02
,,,6.51E-01,5.60E-01,,,,,6.51E-01,8.00E-02
,,,6.52E-01,6.40E-01,,,,,6.52E-01,8.00E-02
,,,6.52E-01,6.40E-01,,,,,6.52E-01,8.00E-02
,,,6.52E-01,6.40E-01,,,,,6.52E-01,8.00E-02
,,,6.53E-01,7.20E-01,,,,,6.53E-01,8.00E-02
,,,6.53E-01,7.20E-01,,,,,6.53E-01,8.00E-02
,,,6.54E-01,7.20E-01,,,,,6.54E-01,8.00E-02
,,,6.54E-01,7.20E-01,,,,,6.54E-01,1.60E-01
,,,6.54E-01,8.00E-01,,,,,6.54E-01,8.00E-02
,,,6.55E-01,8.00E-01,,,,,6.55E-01,8.00E-02
,,,6.55E-01,8.00E-01,,,,,6.55E-01,1.60E-01
,,,6.56E-01,8.00E-01,,,,,6.56E-01,1.60E-01
,,,6.56E-01,8.80E-01,,,,,6.56E-01,1.60E-01
,,,6.56E-01,8.80E-01,,,,,6.56E-01,2.40E-01
,,,6.57E-01,8.80E-01,,,,,6.57E-01,2.40E-01
,,,6.57E-01,9.60E-01,,,,,6.57E-01,2.40E-01
,,,6.58E-01,9.60E-01,,,,,6.58E-01,2.40E-01
,,,6.58E-01,9.60E-01,,,,,6.58E-01,3.20E-01
,,,6.58E-01,9.60E-01,,,,,6.58E-01,2.40E-01
,,,6.59E-01,1.04,,,,,6.59E-01,3.20E-01
,,,6.59E-01,9.60E-01,,,,,6.59E-01,3.20E-01
,,,6.60E-01,1.04,,,,,6.60E-01,3.20E-01
,,,6.60E-01,1.04,,,,,6.60E-01,3.20E-01
,,,6.60E-01,1.12,,,,,6.60E-01,3.20E-01
,,,6.61E-01,1.12,,,,,6.61E-01,4.00E-01
,,,6.61E-01,1.12,,,,,6.61E-01,4.00E-01
,,,6.62E-01,1.12,,,,,6.62E-01,4.80E-01
,,,6.62E-01,1.1999999,,,,,6.62E-01,4.80E-01
,,,6.62E-01,1.1999999,,,,,6.62E-01,4.80E-01
,,,6.63E-01,1.1999999,,,,,6.63E-01,4.80E-01
,,,6.63E-01,1.1999999,,,,,6.63E-01,4.80E-01
,,,6.64E-01,1.1999999,,,,,6.64E-01,5.60E-01
,,,6.64E-01,1.1999999,,,,,6.64E-01,4.80E-01
,,,6.64E-01,1.28,,,,,6.64E-01,5.60E-01
,,,6.65E-01,1.28,,,,,6.65E-01,5.60E-01
,,,6.65E-01,1.28,,,,,6.65E-01,6.40E-01
,,,6.66E-01,1.28,,,,,6.66E-01,5.60E-01
,,,6.66E-01,1.28,,,,,6.66E-01,6.40E-01
,,,6.66E-01,1.28,,,,,6.66E-01,6.40E-01
,,,6.67E-01,1.36,,,,,6.67E-01,6.40E-01
,,,6.67E-01,1.28,,,,,6.67E-01,6.40E-01
,,,6.68E-01,1.36,,,,,6.68E-01,6.40E-01
,,,6.68E-01,1.4399999,,,,,6.68E-01,7.20E-01
,,,6.68E-01,1.4399999,,,,,6.68E-01,7.20E-01
,,,6.69E-01,1.4399999,,,,,6.69E-01,7.20E-01
,,,6.69E-01,1.4399999,,,,,6.69E-01,7.20E-01
,,,6.70E-01,1.4399999,,,,,6.70E-01,7.20E-01
,,,6.70E-01,1.52,,,,,6.70E-01,8.00E-01
,,,6.70E-01,1.52,,,,,6.70E-01,8.00E-01
,,,6.71E-01,1.52,,,,,6.71E-01,8.00E-01
,,,6.71E-01,1.52,,,,,6.71E-01,8.80E-01
,,,6.72E-01,1.52,,,,,6.72E-01,8.80E-01
,,,6.72E-01,1.5999999,,,,,6.72E-01,8.80E-01
,,,6.72E-01,1.5999999,,,,,6.72E-01,8.80E-01
,,,6.73E-01,1.5999999,,,,,6.73E-01,9.60E-01
,,,6.73E-01,1.6799999,,,,,6.73E-01,9.60E-01
,,,6.74E-01,1.6799999,,,,,6.74E-01,9.60E-01
,,,6.74E-01,1.6799999,,,,,6.74E-01,9.60E-01
,,,6.74E-01,1.6799999,,,,,6.74E-01,1.04
,,,6.75E-01,1.6799999,,,,,6.75E-01,1.04
,,,6.75E-01,1.76,,,,,6.75E-01,1.04
,,,6.76E-01,1.76,,,,,6.76E-01,1.04
,,,6.76E-01,1.76,,,,,6.76E-01,1.04
,,,6.76E-01,1.76,,,,,6.76E-01,1.04
,,,6.77E-01,1.8399999,,,,,6.77E-01,1.12
,,,6.77E-01,1.8399999,,,,,6.77E-01,1.12
,,,6.78E-01,1.8399999,,,,,6.78E-01,1.12
,,,6.78E-01,1.8399999,,,,,6.78E-01,1.12
,,,6.78E-01,1.92,,,,,6.78E-01,1.12
,,,6.79E-01,1.8399999,,,,,6.79E-01,1.1999999
,,,6.79E-01,1.92,,,,,6.79E-01,1.1999999
,,,6.80E-01,1.92,,,,,6.80E-01,1.1999999
,,,6.80E-01,1.92,,,,,6.80E-01,1.28
,,,6.80E-01,2,,,,,6.80E-01,1.28
,,,6.81E-01,2,,,,,6.81E-01,1.28
,,,6.81E-01,1.92,,,,,6.81E-01,1.28
,,,6.82E-01,2,,,,,6.82E-01,1.28
,,,6.82E-01,2,,,,,6.82E-01,1.28
,,,6.82E-01,2.0799999,,,,,6.82E-01,1.28
,,,6.83E-01,2.0799999,,,,,6.83E-01,1.36
,,,6.83E-01,2.0799999,,,,,6.83E-01,1.36
,,,6.84E-01,2.1599998,,,,,6.84E-01,1.36
,,,6.84E-01,2.0799999,,,,,6.84E-01,1.36
,,,6.84E-01,2.1599998,,,,,6.84E-01,1.4399999
,,,6.85E-01,2.1599998,,,,,6.85E-01,1.4399999
,,,6.85E-01,2.1599998,,,,,6.85E-01,1.4399999
,,,6.86E-01,2.1599998,,,,,6.86E-01,1.4399999
,,,6.86E-01,2.24,,,,,6.86E-01,1.52
,,,6.86E-01,2.24,,,,,6.86E-01,1.52
,,,6.87E-01,2.24,,,,,6.87E-01,1.5999999
,,,6.87E-01,2.3199999,,,,,6.87E-01,1.52
,,,6.88E-01,2.3199999,,,,,6.88E-01,1.5999999
,,,6.88E-01,2.3199999,,,,,6.88E-01,1.5999999
,,,6.88E-01,2.3199999,,,,,6.88E-01,1.5999999
,,,6.89E-01,2.3999999,,,,,6.89E-01,1.5999999
,,,6.89E-01,2.3999999,,,,,6.89E-01,1.5999999
,,,6.90E-01,2.3999999,,,,,6.90E-01,1.6799999
,,,6.90E-01,2.3999999,,,,,6.90E-01,1.6799999
,,,6.90E-01,2.48,,,,,6.90E-01,1.6799999
,,,6.91E-01,2.3999999,,,,,6.91E-01,1.76
,,,6.91E-01,2.48,,,,,6.91E-01,1.76
,,,6.92E-01,2.48,,,,,6.92E-01,1.76
,,,6.92E-01,2.48,,,,,6.92E-01,1.76
,,,6.92E-01,2.48,,,,,6.92E-01,1.76
,,,6.93E-01,2.5599999,,,,,6.93E-01,1.76
,,,6.93E-01,2.5599999,,,,,6.93E-01,1.8399999
,,,6.94E-01,2.6399999,,,,,6.94E-01,1.8399999
,,,6.94E-01,2.5599999,,,,,6.94E-01,1.8399999
,,,6.94E-01,2.5599999,,,,,6.94E-01,1.8399999
,,,6.95E-01,2.6399999,,,,,6.95E-01,1.8399999
,,,6.95E-01,2.6399999,,,,,6.95E-01,1.92
,,,6.96E-01,2.6399999,,,,,6.96E-01,1.92
,,,6.96E-01,2.6399999,,,,,6.96E-01,1.92
,,,6.96E-01,2.72000003,,,,,6.96E-01,2
,,,6.97E-01,2.72000003,,,,,6.97E-01,2
,,,6.97E-01,2.72000003,,,,,6.97E-01,2
,,,6.98E-01,2.72000003,,,,,6.98E-01,2
,,,6.98E-01,2.72000003,,,,,6.98E-01,2
,,,6.98E-01,2.79999995,,,,,6.98E-01,2
,,,6.99E-01,2.79999995,,,,,6.99E-01,2.0799999
,,,6.99E-01,2.79999995,,,,,6.99E-01,2.0799999
,,,7.00E-01,2.87999988,,,,,7.00E-01,2.0799999
,,,7.00E-01,2.87999988,,,,,7.00E-01,2.0799999
,,,7.00E-01,2.87999988,,,,,7.00E-01,2.1599998
,,,7.01E-01,2.79999995,,,,,7.01E-01,2.1599998
,,,7.01E-01,2.87999988,,,,,7.01E-01,2.1599998
,,,7.02E-01,2.96000004,,,,,7.02E-01,2.1599998
,,,7.02E-01,2.96000004,,,,,7.02E-01,2.24
,,,7.02E-01,2.96000004,,,,,7.02E-01,2.24
,,,7.03E-01,2.96000004,,,,,7.03E-01,2.24
,,,7.03E-01,3.03999996,,,,,7.03E-01,2.24
,,,7.04E-01,3.03999996,,,,,7.04E-01,2.3199999
,,,7.04E-01,3.03999996,,,,,7.04E-01,2.3199999
,,,7.04E-01,3.03999996,,,,,7.04E-01,2.3199999
,,,7.05E-01,3.03999996,,,,,7.05E-01,2.3199999
,,,7.05E-01,3.03999996,,,,,7.05E-01,2.3199999
,,,7.06E-01,3.11999989,,,,,7.06E-01,2.3199999
,,,7.06E-01,3.11999989,,,,,7.06E-01,2.3999999
,,,7.06E-01,3.11999989,,,,,7.06E-01,2.3199999
,,,7.07E-01,3.19999981,,,,,7.07E-01,2.3999999
,,,7.07E-01,3.19999981,,,,,7.07E-01,2.3999999
,,,7.08E-01,3.19999981,,,,,7.08E-01,2.3999999
,,,7.08E-01,3.19999981,,,,,7.08E-01,2.3999999
,,,7.08E-01,3.19999981,,,,,7.08E-01,2.48
,,,7.09E-01,3.27999997,,,,,7.09E-01,2.48
,,,7.09E-01,3.27999997,,,,,7.09E-01,2.48
,,,7.10E-01,3.27999997,,,,,7.10E-01,2.48
,,,7.10E-01,3.27999997,,,,,7.10E-01,2.5599999
,,,7.10E-01,3.27999997,,,,,7.10E-01,2.5599999
,,,7.11E-01,3.3599999,,,,,7.11E-01,2.5599999
,,,7.11E-01,3.3599999,,,,,7.11E-01,2.5599999
,,,7.12E-01,3.3599999,,,,,7.12E-01,2.5599999
,,,7.12E-01,3.3599999,,,,,7.12E-01,2.6399999
,,,7.12E-01,3.3599999,,,,,7.12E-01,2.72000003
,,,7.13E-01,3.43999982,,,,,7.13E-01,2.72000003
,,,7.13E-01,3.43999982,,,,,7.13E-01,2.72000003
,,,7.14E-01,3.51999998,,,,,7.14E-01,2.72000003
,,,7.14E-01,3.51999998,,,,,7.14E-01,2.72000003
,,,7.14E-01,3.51999998,,,,,7.14E-01,2.72000003
,,,7.15E-01,3.51999998,,,,,7.15E-01,2.72000003
,,,7.15E-01,3.51999998,,,,,7.15E-01,2.72000003
,,,7.16E-01,3.5999999,,,,,7.16E-01,2.79999995
,,,7.16E-01,3.51999998,,,,,7.16E-01,2.79999995
,,,7.16E-01,3.51999998,,,,,7.16E-01,2.72000003
,,,7.17E-01,3.51999998,,,,,7.17E-01,2.79999995
,,,7.17E-01,3.51999998,,,,,7.17E-01,2.72000003
,,,7.18E-01,3.51999998,,,,,7.18E-01,2.72000003
,,,7.18E-01,3.43999982,,,,,7.18E-01,2.72000003
,,,7.18E-01,3.43999982,,,,,7.18E-01,2.6399999
,,,7.19E-01,3.43999982,,,,,7.19E-01,2.6399999
,,,7.19E-01,3.43999982,,,,,7.19E-01,2.6399999
,,,7.20E-01,3.3599999,,,,,7.20E-01,2.6399999
,,,7.20E-01,3.3599999,,,,,7.20E-01,2.5599999
,,,7.20E-01,3.3599999,,,,,7.20E-01,2.5599999
,,,7.21E-01,3.3599999,,,,,7.21E-01,2.5599999
,,,7.21E-01,3.3599999,,,,,7.21E-01,2.5599999
,,,7.22E-01,3.27999997,,,,,7.22E-01,2.48
,,,7.22E-01,3.27999997,,,,,7.22E-01,2.48
,,,7.22E-01,3.27999997,,,,,7.22E-01,2.48
,,,7.23E-01,3.27999997,,,,,7.23E-01,2.48
,,,7.23E-01,3.19999981,,,,,7.23E-01,2.3999999
,,,7.24E-01,3.19999981,,,,,7.24E-01,2.3999999
,,,7.24E-01,3.19999981,,,,,7.24E-01,2.48
,,,7.24E-01,3.19999981,,,,,7.24E-01,2.3999999
,,,7.25E-01,3.19999981,,,,,7.25E-01,2.3999999
,,,7.25E-01,3.11999989,,,,,7.25E-01,2.3999999
,,,7.26E-01,3.11999989,,,,,7.26E-01,2.3999999
,,,7.26E-01,3.03999996,,,,,7.26E-01,2.3999999
,,,7.26E-01,3.03999996,,,,,7.26E-01,2.3199999
,,,7.27E-01,3.03999996,,,,,7.27E-01,2.3199999
,,,7.27E-01,3.03999996,,,,,7.27E-01,2.3199999
,,,7.28E-01,3.03999996,,,,,7.28E-01,2.3199999
,,,7.28E-01,3.03999996,,,,,7.28E-01,2.24
,,,7.28E-01,2.96000004,,,,,7.28E-01,2.24
,,,7.29E-01,2.96000004,,,,,7.29E-01,2.24
,,,7.29E-01,2.96000004,,,,,7.29E-01,2.24
,,,7.30E-01,2.96000004,,,,,7.30E-01,2.24
,,,7.30E-01,2.96000004,,,,,7.30E-01,2.1599998
,,,7.30E-01,2.96000004,,,,,7.30E-01,2.24
,,,7.31E-01,2.79999995,,,,,7.31E-01,2.1599998
,,,7.31E-01,2.87999988,,,,,7.31E-01,2.1599998
,,,7.32E-01,2.87999988,,,,,7.32E-01,2.0799999
,,,7.32E-01,2.79999995,,,,,7.32E-01,2.0799999
,,,7.32E-01,2.79999995,,,,,7.32E-01,2.0799999
,,,7.33E-01,2.72000003,,,,,7.33E-01,2.0799999
,,,7.33E-01,2.79999995,,,,,7.33E-01,2
,,,7.34E-01,2.79999995,,,,,7.34E-01,2
,,,7.34E-01,2.72000003,,,,,7.34E-01,2
,,,7.34E-01,2.72000003,,,,,7.34E-01,2
,,,7.35E-01,2.72000003,,,,,7.35E-01,1.92
,,,7.35E-01,2.6399999,,,,,7.35E-01,1.92
,,,7.36E-01,2.6399999,,,,,7.36E-01,1.92
,,,7.36E-01,2.6399999,,,,,7.36E-01,1.92
,,,7.36E-01,2.6399999,,,,,7.36E-01,1.8399999
,,,7.37E-01,2.6399999,,,,,7.37E-01,1.8399999
,,,7.37E-01,2.6399999,,,,,7.37E-01,1.8399999
,,,7.38E-01,2.5599999,,,,,7.38E-01,1.8399999
,,,7.38E-01,2.5599999,,,,,7.38E-01,1.8399999
,,,7.38E-01,2.5599999,,,,,7.38E-01,1.76
,,,7.39E-01,2.48,,,,,7.39E-01,1.8399999
,,,7.39E-01,2.48,,,,,7.39E-01,1.76
,,,7.40E-01,2.5599999,,,,,7.40E-01,1.76
,,,7.40E-01,2.48,,,,,7.40E-01,1.76
,,,7.40E-01,2.3999999,,,,,7.40E-01,1.76
,,,7.41E-01,2.3999999,,,,,7.41E-01,1.6799999
,,,7.41E-01,2.3999999,,,,,7.41E-01,1.6799999
,,,7.42E-01,2.3999999,,,,,7.42E-01,1.6799999
,,,7.42E-01,2.3199999,,,,,7.42E-01,1.6799999
,,,7.42E-01,2.3999999,,,,,7.42E-01,1.5999999
,,,7.43E-01,2.3199999,,,,,7.43E-01,1.5999999
,,,7.43E-01,2.3199999,,,,,7.43E-01,1.5999999
,,,7.44E-01,2.24,,,,,7.44E-01,1.5999999
,,,7.44E-01,2.3199999,,,,,7.44E-01,1.52
,,,7.44E-01,2.24,,,,,7.44E-01,1.52
,,,7.45E-01,2.24,,,,,7.45E-01,1.52
,,,7.45E-01,2.24,,,,,7.45E-01,1.52
,,,7.46E-01,2.24,,,,,7.46E-01,1.52
,,,7.46E-01,2.1599998,,,,,7.46E-01,1.4399999
,,,7.46E-01,2.1599998,,,,,7.46E-01,1.4399999
,,,7.47E-01,2.1599998,,,,,7.47E-01,1.4399999
,,,7.47E-01,2.0799999,,,,,7.47E-01,1.4399999
,,,7.48E-01,2.1599998,,,,,7.48E-01,1.4399999
,,,7.48E-01,2.0799999,,,,,7.48E-01,1.36
,,,7.48E-01,2.0799999,,,,,7.48E-01,1.36
,,,7.49E-01,2.0799999,,,,,7.49E-01,1.28
,,,7.49E-01,2,,,,,7.49E-01,1.36
,,,7.50E-01,2,,,,,7.50E-01,1.28
,,,7.50E-01,2,,,,,7.50E-01,1.28
,,,7.50E-01,2,,,,,7.50E-01,1.28
,,,7.51E-01,2,,,,,7.51E-01,1.1999999
,,,7.51E-01,2,,,,,7.51E-01,1.28
,,,7.52E-01,1.92,,,,,7.52E-01,1.1999999
,,,7.52E-01,2,,,,,7.52E-01,1.1999999
,,,7.52E-01,1.92,,,,,7.52E-01,1.1999999
,,,7.53E-01,1.92,,,,,7.53E-01,1.12
,,,7.53E-01,1.8399999,,,,,7.53E-01,1.12
,,,7.54E-01,1.8399999,,,,,7.54E-01,1.12
,,,7.54E-01,1.8399999,,,,,7.54E-01,1.12
,,,7.54E-01,1.8399999,,,,,7.54E-01,1.12
,,,7.55E-01,1.76,,,,,7.55E-01,1.04
,,,7.55E-01,1.8399999,,,,,7.55E-01,1.04
,,,7.56E-01,1.8399999,,,,,7.56E-01,1.04
,,,7.56E-01,1.76,,,,,7.56E-01,1.04
,,,7.56E-01,1.6799999,,,,,7.56E-01,1.04
,,,7.57E-01,1.76,,,,,7.57E-01,1.04
,,,7.57E-01,1.6799999,,,,,7.57E-01,1.04
,,,7.58E-01,1.6799999,,,,,7.58E-01,9.60E-01
,,,7.58E-01,1.6799999,,,,,7.58E-01,9.60E-01
,,,7.58E-01,1.6799999,,,,,7.58E-01,9.60E-01
,,,7.59E-01,1.5999999,,,,,7.59E-01,9.60E-01
,,,7.59E-01,1.5999999,,,,,7.59E-01,8.80E-01
,,,7.60E-01,1.5999999,,,,,7.60E-01,8.80E-01
,,,7.60E-01,1.5999999,,,,,7.60E-01,8.80E-01
,,,7.60E-01,1.52,,,,,7.60E-01,8.00E-01
,,,7.61E-01,1.52,,,,,7.61E-01,8.00E-01
,,,7.61E-01,1.5999999,,,,,7.61E-01,8.00E-01
,,,7.62E-01,1.4399999,,,,,7.62E-01,8.00E-01
,,,7.62E-01,1.52,,,,,7.62E-01,7.20E-01
,,,7.62E-01,1.52,,,,,7.62E-01,7.20E-01
,,,7.63E-01,1.52,,,,,7.63E-01,7.20E-01
,,,7.63E-01,1.4399999,,,,,7.63E-01,7.20E-01
,,,7.64E-01,1.4399999,,,,,7.64E-01,7.20E-01
,,,7.64E-01,1.36,,,,,7.64E-01,6.40E-01
,,,7.64E-01,1.36,,,,,7.64E-01,7.20E-01
,,,7.65E-01,1.36,,,,,7.65E-01,6.40E-01
,,,7.65E-01,1.28,,,,,7.65E-01,6.40E-01
,,,7.66E-01,1.28,,,,,7.66E-01,5.60E-01
,,,7.66E-01,1.28,,,,,7.66E-01,6.40E-01
,,,7.66E-01,1.28,,,,,7.66E-01,5.60E-01
,,,7.67E-01,1.28,,,,,7.67E-01,5.60E-01
,,,7.67E-01,1.1999999,,,,,7.67E-01,5.60E-01
,,,7.68E-01,1.28,,,,,7.68E-01,5.60E-01
,,,7.68E-01,1.1999999,,,,,7.68E-01,5.60E-01
,,,7.68E-01,1.1999999,,,,,7.68E-01,4.80E-01
,,,7.69E-01,1.1999999,,,,,7.69E-01,4.80E-01
,,,7.69E-01,1.1999999,,,,,7.69E-01,4.80E-01
,,,7.70E-01,1.12,,,,,7.70E-01,4.00E-01
,,,7.70E-01,1.12,,,,,7.70E-01,4.00E-01
,,,7.70E-01,1.12,,,,,7.70E-01,4.00E-01
,,,7.71E-01,1.12,,,,,7.71E-01,4.00E-01
,,,7.71E-01,1.04,,,,,7.71E-01,3.20E-01
,,,7.72E-01,1.04,,,,,7.72E-01,3.20E-01
,,,7.72E-01,9.60E-01,,,,,7.72E-01,3.20E-01
,,,7.72E-01,1.04,,,,,7.72E-01,3.20E-01
,,,7.73E-01,9.60E-01,,,,,7.73E-01,3.20E-01
,,,7.73E-01,9.60E-01,,,,,7.73E-01,2.40E-01
,,,7.74E-01,9.60E-01,,,,,7.74E-01,3.20E-01
,,,7.74E-01,9.60E-01,,,,,7.74E-01,2.40E-01
,,,7.74E-01,8.80E-01,,,,,7.74E-01,2.40E-01
,,,7.75E-01,9.60E-01,,,,,7.75E-01,2.40E-01
,,,7.75E-01,8.80E-01,,,,,7.75E-01,1.60E-01
,,,7.76E-01,8.00E-01,,,,,7.76E-01,2.40E-01
,,,7.76E-01,8.00E-01,,,,,7.76E-01,1.60E-01
,,,7.76E-01,8.80E-01,,,,,7.76E-01,1.60E-01
,,,7.77E-01,7.20E-01,,,,,7.77E-01,8.00E-02
,,,7.77E-01,8.00E-01,,,,,7.77E-01,8.00E-02
,,,7.78E-01,7.20E-01,,,,,7.78E-01,8.00E-02
,,,7.78E-01,7.20E-01,,,,,7.78E-01,8.00E-02
,,,7.78E-01,7.20E-01,,,,,7.78E-01,8.00E-02
,,,7.79E-01,6.40E-01,,,,,7.79E-01,8.00E-02
,,,7.79E-01,6.40E-01,,,,,7.79E-01,8.00E-02
,,,7.80E-01,6.40E-01,,,,,7.80E-01,8.00E-02
,,,7.80E-01,5.60E-01,,,,,7.80E-01,8.00E-02
,,,7.80E-01,5.60E-01,,,,,7.80E-01,8.00E-02
,,,7.81E-01,5.60E-01,,,,,7.81E-01,8.00E-02
,,,7.81E-01,5.60E-01,,,,,7.81E-01,8.00E-02
,,,7.82E-01,5.60E-01,,,,,7.82E-01,8.00E-02
,,,7.82E-01,4.80E-01,,,,,7.82E-01,8.00E-02
,,,7.82E-01,4.80E-01,,,,,7.82E-01,8.00E-02
,,,7.83E-01,3.20E-01,,,,,7.83E-01,8.00E-02
,,,7.83E-01,3.20E-01,,,,,7.83E-01,8.00E-02
,,,7.84E-01,3.20E-01,,,,,7.84E-01,0
,,,7.84E-01,3.20E-01,,,,,7.84E-01,8.00E-02
,,,7.84E-01,3.20E-01,,,,,7.84E-01,8.00E-02
,,,7.85E-01,2.40E-01,,,,,7.85E-01,8.00E-02
,,,7.85E-01,2.40E-01,,,,,7.85E-01,8.00E-02
,,,7.86E-01,1.60E-01,,,,,7.86E-01,8.00E-02
,,,7.86E-01,2.40E-01,,,,,7.86E-01,8.00E-02
,,,7.86E-01,1.60E-01,,,,,7.86E-01,8.00E-02
,,,7.87E-01,8.00E-02,,,,,7.87E-01,8.00E-02
,,,7.87E-01,8.00E-02,,,,,7.87E-01,8.00E-02
,,,7.88E-01,8.00E-02,,,,,7.88E-01,8.00E-02
,,,7.88E-01,0,,,,,7.88E-01,8.00E-02
,,,7.88E-01,0,,,,,7.88E-01,8.00E-02
,,,7.89E-01,0,,,,,7.89E-01,8.00E-02
,,,7.89E-01,0,,,,,7.89E-01,8.00E-02
,,,7.90E-01,-8.00E-02,,,,,7.90E-01,8.00E-02
,,,7.90E-01,-8.00E-02,,,,,7.90E-01,8.00E-02
,,,7.90E-01,-1.60E-01,,,,,7.90E-01,8.00E-02
,,,7.91E-01,-1.60E-01,,,,,7.91E-01,8.00E-02
,,,7.91E-01,-1.60E-01,,,,,7.91E-01,0
,,,7.92E-01,-2.40E-01,,,,,7.92E-01,0
,,,7.92E-01,-2.40E-01,,,,,7.92E-01,8.00E-02
,,,7.92E-01,-2.40E-01,,,,,7.92E-01,8.00E-02
,,,7.93E-01,-2.40E-01,,,,,7.93E-01,8.00E-02
,,,7.93E-01,-3.20E-01,,,,,7.93E-01,8.00E-02
,,,7.94E-01,-3.20E-01,,,,,7.94E-01,8.00E-02
,,,7.94E-01,-4.00E-01,,,,,7.94E-01,8.00E-02
,,,7.94E-01,-4.00E-01,,,,,7.94E-01,8.00E-02
,,,7.95E-01,-4.80E-01,,,,,7.95E-01,8.00E-02
,,,7.95E-01,-4.80E-01,,,,,7.95E-01,8.00E-02
,,,7.96E-01,-5.60E-01,,,,,7.96E-01,8.00E-02
,,,7.96E-01,-5.60E-01,,,,,7.96E-01,8.00E-02
,,,7.96E-01,-5.60E-01,,,,,7.96E-01,8.00E-02
,,,7.97E-01,-6.40E-01,,,,,7.97E-01,8.00E-02
,,,7.97E-01,-6.40E-01,,,,,7.97E-01,8.00E-02
,,,7.98E-01,-6.40E-01,,,,,7.98E-01,8.00E-02
,,,7.98E-01,-7.20E-01,,,,,7.98E-01,0
,,,7.98E-01,-8.00E-01,,,,,7.98E-01,8.00E-02
,,,7.99E-01,-7.20E-01,,,,,7.99E-01,8.00E-02
,,,7.99E-01,-8.00E-01,,,,,7.99E-01,8.00E-02
,,,8.00E-01,-8.00E-01,,,,,8.00E-01,8.00E-02
,,,8.00E-01,-8.80E-01,,,,,8.00E-01,8.00E-02
,,,8.00E-01,-8.80E-01,,,,,8.00E-01,8.00E-02
,,,8.01E-01,-8.80E-01,,,,,8.01E-01,8.00E-02
,,,8.01E-01,-8.80E-01,,,,,8.01E-01,8.00E-02
,,,8.02E-01,-9.60E-01,,,,,8.02E-01,0
,,,8.02E-01,-9.60E-01,,,,,8.02E-01,8.00E-02
,,,8.02E-01,-1.04,,,,,8.02E-01,8.00E-02
,,,8.03E-01,-1.04,,,,,8.03E-01,8.00E-02
,,,8.03E-01,-1.12,,,,,8.03E-01,8.00E-02
,,,8.04E-01,-1.12,,,,,8.04E-01,8.00E-02
,,,8.04E-01,-1.12,,,,,8.04E-01,8.00E-02
,,,8.04E-01,-1.12,,,,,8.04E-01,0
,,,8.05E-01,-1.1999999,,,,,8.05E-01,8.00E-02
,,,8.05E-01,-1.1999999,,,,,8.05E-01,8.00E-02
,,,8.06E-01,-1.28,,,,,8.06E-01,8.00E-02
,,,8.06E-01,-1.36,,,,,8.06E-01,8.00E-02
,,,8.06E-01,-1.28,,,,,8.06E-01,8.00E-02
,,,8.07E-01,-1.36,,,,,8.07E-01,8.00E-02
,,,8.07E-01,-1.36,,,,,8.07E-01,8.00E-02
,,,8.08E-01,-1.36,,,,,8.08E-01,8.00E-02
,,,8.08E-01,-1.4399999,,,,,8.08E-01,8.00E-02
,,,8.08E-01,-1.4399999,,,,,8.08E-01,8.00E-02
,,,8.09E-01,-1.52,,,,,8.09E-01,8.00E-02
,,,8.09E-01,-1.52,,,,,8.09E-01,8.00E-02
,,,8.10E-01,-1.52,,,,,8.10E-01,8.00E-02
,,,8.10E-01,-1.52,,,,,8.10E-01,8.00E-02
,,,8.10E-01,-1.5999999,,,,,8.10E-01,0
,,,8.11E-01,-1.5999999,,,,,8.11E-01,8.00E-02
,,,8.11E-01,-1.5999999,,,,,8.11E-01,8.00E-02
,,,8.12E-01,-1.76,,,,,8.12E-01,8.00E-02
,,,8.12E-01,-1.6799999,,,,,8.12E-01,8.00E-02
,,,8.12E-01,-1.6799999,,,,,8.12E-01,8.00E-02
,,,8.13E-01,-1.76,,,,,8.13E-01,8.00E-02
,,,8.13E-01,-1.8399999,,,,,8.13E-01,8.00E-02
,,,8.14E-01,-1.8399999,,,,,8.14E-01,8.00E-02
,,,8.14E-01,-1.92,,,,,8.14E-01,8.00E-02
,,,8.14E-01,-1.92,,,,,8.14E-01,8.00E-02
,,,8.15E-01,-1.92,,,,,8.15E-01,8.00E-02
,,,8.15E-01,-1.92,,,,,8.15E-01,8.00E-02
,,,8.16E-01,-2,,,,,8.16E-01,0
,,,8.16E-01,-2,,,,,8.16E-01,8.00E-02
,,,8.16E-01,-1.92,,,,,8.16E-01,8.00E-02
,,,8.17E-01,-1.92,,,,,8.17E-01,8.00E-02
,,,8.17E-01,-1.8399999,,,,,8.17E-01,8.00E-02
,,,8.18E-01,-1.8399999,,,,,8.18E-01,8.00E-02
,,,8.18E-01,-1.8399999,,,,,8.18E-01,8.00E-02
,,,8.18E-01,-1.76,,,,,8.18E-01,0
,,,8.19E-01,-1.76,,,,,8.19E-01,8.00E-02
,,,8.19E-01,-1.6799999,,,,,8.19E-01,8.00E-02
,,,8.20E-01,-1.6799999,,,,,8.20E-01,0
,,,8.20E-01,-1.5999999,,,,,8.20E-01,8.00E-02
,,,8.20E-01,-1.6799999,,,,,8.20E-01,8.00E-02
,,,8.21E-01,-1.5999999,,,,,8.21E-01,8.00E-02
,,,8.21E-01,-1.5999999,,,,,8.21E-01,8.00E-02
,,,8.22E-01,-1.52,,,,,8.22E-01,8.00E-02
,,,8.22E-01,-1.52,,,,,8.22E-01,8.00E-02
,,,8.22E-01,-1.52,,,,,8.22E-01,8.00E-02
,,,8.23E-01,-1.4399999,,,,,8.23E-01,8.00E-02
,,,8.23E-01,-1.4399999,,,,,8.23E-01,0
,,,8.24E-01,-1.4399999,,,,,8.24E-01,8.00E-02
,,,8.24E-01,-1.36,,,,,8.24E-01,8.00E-02
,,,8.24E-01,-1.36,,,,,8.24E-01,8.00E-02
,,,8.25E-01,-1.36,,,,,8.25E-01,8.00E-02
,,,8.25E-01,-1.28,,,,,8.25E-01,0
,,,8.26E-01,-1.28,,,,,8.26E-01,8.00E-02
,,,8.26E-01,-1.28,,,,,8.26E-01,0
,,,8.26E-01,-1.1999999,,,,,8.26E-01,8.00E-02
,,,8.27E-01,-1.1999999,,,,,8.27E-01,8.00E-02
,,,8.27E-01,-1.12,,,,,8.27E-01,0
,,,8.28E-01,-1.12,,,,,8.28E-01,8.00E-02
,,,8.28E-01,-1.12,,,,,8.28E-01,8.00E-02
,,,8.28E-01,-1.04,,,,,8.28E-01,8.00E-02
,,,8.29E-01,-9.60E-01,,,,,8.29E-01,8.00E-02
,,,8.29E-01,-9.60E-01,,,,,8.29E-01,8.00E-02
,,,8.30E-01,-9.60E-01,,,,,8.30E-01,8.00E-02
,,,8.30E-01,-9.60E-01,,,,,8.30E-01,0
,,,8.30E-01,-9.60E-01,,,,,8.30E-01,0
,,,8.31E-01,-8.80E-01,,,,,8.31E-01,8.00E-02
,,,8.31E-01,-8.00E-01,,,,,8.31E-01,0
,,,8.32E-01,-8.80E-01,,,,,8.32E-01,8.00E-02
,,,8.32E-01,-8.00E-01,,,,,8.32E-01,8.00E-02
,,,8.32E-01,-8.00E-01,,,,,8.32E-01,8.00E-02
,,,8.33E-01,-7.20E-01,,,,,8.33E-01,8.00E-02
,,,8.33E-01,-7.20E-01,,,,,8.33E-01,8.00E-02
,,,8.34E-01,-7.20E-01,,,,,8.34E-01,8.00E-02
,,,8.34E-01,-6.40E-01,,,,,8.34E-01,8.00E-02
,,,8.34E-01,-5.60E-01,,,,,8.34E-01,8.00E-02
,,,8.35E-01,-5.60E-01,,,,,8.35E-01,8.00E-02
,,,8.35E-01,-5.60E-01,,,,,8.35E-01,8.00E-02
,,,8.36E-01,-5.60E-01,,,,,8.36E-01,8.00E-02
,,,8.36E-01,-4.80E-01,,,,,8.36E-01,8.00E-02
,,,8.36E-01,-4.80E-01,,,,,8.36E-01,8.00E-02
,,,8.37E-01,-4.80E-01,,,,,8.37E-01,8.00E-02
,,,8.37E-01,-4.00E-01,,,,,8.37E-01,8.00E-02
,,,8.38E-01,-4.00E-01,,,,,8.38E-01,8.00E-02
,,,8.38E-01,-3.20E-01,,,,,8.38E-01,8.00E-02
,,,8.38E-01,-3.20E-01,,,,,8.38E-01,8.00E-02
,,,8.39E-01,-3.20E-01,,,,,8.39E-01,8.00E-02
,,,8.39E-01,-2.40E-01,,,,,8.39E-01,0
,,,8.40E-01,-2.40E-01,,,,,8.40E-01,8.00E-02
,,,8.40E-01,-2.40E-01,,,,,8.40E-01,8.00E-02
,,,8.40E-01,-2.40E-01,,,,,8.40E-01,8.00E-02
,,,8.41E-01,-2.40E-01,,,,,8.41E-01,8.00E-02
,,,8.41E-01,-1.60E-01,,,,,8.41E-01,8.00E-02
,,,8.42E-01,-8.00E-02,,,,,8.42E-01,0
,,,8.42E-01,-8.00E-02,,,,,8.42E-01,8.00E-02
,,,8.42E-01,0,,,,,8.42E-01,8.00E-02
,,,8.43E-01,0,,,,,8.43E-01,8.00E-02
,,,8.43E-01,0,,,,,8.43E-01,8.00E-02
,,,8.44E-01,0,,,,,8.44E-01,8.00E-02
,,,8.44E-01,8.00E-02,,,,,8.44E-01,8.00E-02
,,,8.44E-01,8.00E-02,,,,,8.44E-01,8.00E-02
,,,8.45E-01,1.60E-01,,,,,8.45E-01,8.00E-02
,,,8.45E-01,1.60E-01,,,,,8.45E-01,8.00E-02
,,,8.46E-01,1.60E-01,,,,,8.46E-01,8.00E-02
,,,8.46E-01,2.40E-01,,,,,8.46E-01,8.00E-02
,,,8.46E-01,2.40E-01,,,,,8.46E-01,8.00E-02
,,,8.47E-01,3.20E-01,,,,,8.47E-01,8.00E-02
,,,8.47E-01,3.20E-01,,,,,8.47E-01,8.00E-02
,,,8.48E-01,3.20E-01,,,,,8.48E-01,8.00E-02
,,,8.48E-01,3.20E-01,,,,,8.48E-01,8.00E-02
,,,8.48E-01,3.20E-01,,,,,8.48E-01,8.00E-02
,,,8.49E-01,4.00E-01,,,,,8.49E-01,8.00E-02
,,,8.49E-01,4.80E-01,,,,,8.49E-01,8.00E-02
,,,8.50E-01,4.80E-01,,,,,8.50E-01,8.00E-02
,,,8.50E-01,5.60E-01,,,,,8.50E-01,8.00E-02
,,,8.50E-01,5.60E-01,,,,,8.50E-01,8.00E-02
,,,8.51E-01,5.60E-01,,,,,8.51E-01,8.00E-02
,,,8.51E-01,5.60E-01,,,,,8.51E-01,8.00E-02
,,,8.52E-01,6.40E-01,,,,,8.52E-01,8.00E-02
,,,8.52E-01,6.40E-01,,,,,8.52E-01,8.00E-02
,,,8.52E-01,6.40E-01,,,,,8.52E-01,8.00E-02
,,,8.53E-01,7.20E-01,,,,,8.53E-01,8.00E-02
,,,8.53E-01,7.20E-01,,,,,8.53E-01,8.00E-02
,,,8.54E-01,7.20E-01,,,,,8.54E-01,8.00E-02
,,,8.54E-01,7.20E-01,,,,,8.54E-01,1.60E-01
,,,8.54E-01,8.00E-01,,,,,8.54E-01,1.60E-01
,,,8.55E-01,8.00E-01,,,,,8.55E-01,8.00E-02
,,,8.55E-01,8.00E-01,,,,,8.55E-01,1.60E-01
,,,8.56E-01,8.80E-01,,,,,8.56E-01,1.60E-01
,,,8.56E-01,8.80E-01,,,,,8.56E-01,1.60E-01
,,,8.56E-01,8.80E-01,,,,,8.56E-01,2.40E-01
,,,8.57E-01,8.80E-01,,,,,8.57E-01,2.40E-01
,,,8.57E-01,8.80E-01,,,,,8.57E-01,2.40E-01
,,,8.58E-01,9.60E-01,,,,,8.58E-01,2.40E-01
,,,8.58E-01,9.60E-01,,,,,8.58E-01,2.40E-01
,,,8.58E-01,9.60E-01,,,,,8.58E-01,3.20E-01
,,,8.59E-01,9.60E-01,,,,,8.59E-01,3.20E-01
,,,8.59E-01,9.60E-01,,,,,8.59E-01,3.20E-01
,,,8.60E-01,1.04,,,,,8.60E-01,3.20E-01
,,,8.60E-01,1.12,,,,,8.60E-01,3.20E-01
,,,8.60E-01,1.12,,,,,8.60E-01,4.00E-01
,,,8.61E-01,1.12,,,,,8.61E-01,4.00E-01
,,,8.61E-01,1.12,,,,,8.61E-01,4.00E-01
,,,8.62E-01,1.12,,,,,8.62E-01,4.00E-01
,,,8.62E-01,1.12,,,,,8.62E-01,4.00E-01
,,,8.62E-01,1.1999999,,,,,8.62E-01,4.80E-01
,,,8.63E-01,1.1999999,,,,,8.63E-01,4.80E-01
,,,8.63E-01,1.28,,,,,8.63E-01,5.60E-01
,,,8.64E-01,1.1999999,,,,,8.64E-01,5.60E-01
,,,8.64E-01,1.28,,,,,8.64E-01,5.60E-01
,,,8.64E-01,1.28,,,,,8.64E-01,5.60E-01
,,,8.65E-01,1.28,,,,,8.65E-01,5.60E-01
,,,8.65E-01,1.28,,,,,8.65E-01,5.60E-01
,,,8.66E-01,1.28,,,,,8.66E-01,5.60E-01
,,,8.66E-01,1.28,,,,,8.66E-01,6.40E-01
,,,8.66E-01,1.28,,,,,8.66E-01,6.40E-01
,,,8.67E-01,1.28,,,,,8.67E-01,6.40E-01
,,,8.67E-01,1.36,,,,,8.67E-01,6.40E-01
,,,8.68E-01,1.4399999,,,,,8.68E-01,7.20E-01
,,,8.68E-01,1.4399999,,,,,8.68E-01,7.20E-01
,,,8.68E-01,1.4399999,,,,,8.68E-01,7.20E-01
,,,8.69E-01,1.4399999,,,,,8.69E-01,7.20E-01
,,,8.69E-01,1.4399999,,,,,8.69E-01,7.20E-01
,,,8.70E-01,1.52,,,,,8.70E-01,7.20E-01
,,,8.70E-01,1.52,,,,,8.70E-01,8.00E-01
,,,8.70E-01,1.52,,,,,8.70E-01,8.00E-01
,,,8.71E-01,1.52,,,,,8.71E-01,8.00E-01
,,,8.71E-01,1.5999999,,,,,8.71E-01,8.80E-01
,,,8.72E-01,1.5999999,,,,,8.72E-01,8.00E-01
,,,8.72E-01,1.5999999,,,,,8.72E-01,8.80E-01
,,,8.72E-01,1.5999999,,,,,8.72E-01,8.80E-01
,,,8.73E-01,1.5999999,,,,,8.73E-01,9.60E-01
,,,8.73E-01,1.6799999,,,,,8.73E-01,9.60E-01
,,,8.74E-01,1.6799999,,,,,8.74E-01,9.60E-01
,,,8.74E-01,1.6799999,,,,,8.74E-01,9.60E-01
,,,8.74E-01,1.6799999,,,,,8.74E-01,1.04
,,,8.75E-01,1.76,,,,,8.75E-01,9.60E-01
,,,8.75E-01,1.76,,,,,8.75E-01,1.04
,,,8.76E-01,1.76,,,,,8.76E-01,1.04
,,,8.76E-01,1.8399999,,,,,8.76E-01,1.04
,,,8.76E-01,1.76,,,,,8.76E-01,1.04
,,,8.77E-01,1.8399999,,,,,8.77E-01,1.12
,,,8.77E-01,1.8399999,,,,,8.77E-01,1.04
,,,8.78E-01,1.8399999,,,,,8.78E-01,1.12
,,,8.78E-01,1.8399999,,,,,8.78E-01,1.12
,,,8.78E-01,1.8399999,,,,,8.78E-01,1.12
,,,8.79E-01,1.92,,,,,8.79E-01,1.1999999
,,,8.79E-01,1.92,,,,,8.79E-01,1.1999999
,,,8.80E-01,1.92,,,,,8.80E-01,1.1999999
,,,8.80E-01,1.92,,,,,8.80E-01,1.1999999
,,,8.80E-01,2,,,,,8.80E-01,1.1999999
,,,8.81E-01,2,,,,,8.81E-01,1.28
,,,8.81E-01,2,,,,,8.81E-01,1.28
,,,8.82E-01,2,,,,,8.82E-01,1.28
,,,8.82E-01,2,,,,,8.82E-01,1.36
,,,8.82E-01,2.0799999,,,,,8.82E-01,1.36
,,,8.83E-01,2.0799999,,,,,8.83E-01,1.36
,,,8.83E-01,2.0799999,,,,,8.83E-01,1.4399999
,,,8.84E-01,2.0799999,,,,,8.84E-01,1.36
,,,8.84E-01,2.1599998,,,,,8.84E-01,1.4399999
,,,8.84E-01,2.1599998,,,,,8.84E-01,1.36
,,,8.85E-01,2.1599998,,,,,8.85E-01,1.4399999
,,,8.85E-01,2.1599998,,,,,8.85E-01,1.4399999
,,,8.86E-01,2.24,,,,,8.86E-01,1.52
,,,8.86E-01,2.24,,,,,8.86E-01,1.4399999
,,,8.86E-01,2.24,,,,,8.86E-01,1.52
,,,8.87E-01,2.24,,,,,8.87E-01,1.52
,,,8.87E-01,2.24,,,,,8.87E-01,1.5999999
,,,8.88E-01,2.3199999,,,,,8.88E-01,1.52
,,,8.88E-01,2.3199999,,,,,8.88E-01,1.5999999
,,,8.88E-01,2.3199999,,,,,8.88E-01,1.5999999
,,,8.89E-01,2.3199999,,,,,8.89E-01,1.5999999
,,,8.89E-01,2.3999999,,,,,8.89E-01,1.5999999
,,,8.90E-01,2.3999999,,,,,8.90E-01,1.5999999
,,,8.90E-01,2.3999999,,,,,8.90E-01,1.6799999
,,,8.90E-01,2.3999999,,,,,8.90E-01,1.6799999
,,,8.91E-01,2.3999999,,,,,8.91E-01,1.6799999
,,,8.91E-01,2.3999999,,,,,8.91E-01,1.76
,,,8.92E-01,2.48,,,,,8.92E-01,1.76
,,,8.92E-01,2.48,,,,,8.92E-01,1.76
,,,8.92E-01,2.5599999,,,,,8.92E-01,1.76
,,,8.93E-01,2.5599999,,,,,8.93E-01,1.76
,,,8.93E-01,2.5599999,,,,,8.93E-01,1.8399999
,,,8.94E-01,2.5599999,,,,,8.94E-01,1.8399999
,,,8.94E-01,2.5599999,,,,,8.94E-01,1.8399999
,,,8.94E-01,2.6399999,,,,,8.94E-01,1.8399999
,,,8.95E-01,2.6399999,,,,,8.95E-01,1.8399999
,,,8.95E-01,2.6399999,,,,,8.95E-01,1.92
,,,8.96E-01,2.6399999,,,,,8.96E-01,1.92
,,,8.96E-01,2.6399999,,,,,8.96E-01,1.92
,,,8.96E-01,2.6399999,,,,,8.96E-01,1.92
,,,8.97E-01,2.72000003,,,,,8.97E-01,1.92
,,,8.97E-01,2.72000003,,,,,8.97E-01,2
,,,8.98E-01,2.72000003,,,,,8.98E-01,2
,,,8.98E-01,2.79999995,,,,,8.98E-01,2.0799999
,,,8.98E-01,2.79999995,,,,,8.98E-01,2
,,,8.99E-01,2.79999995,,,,,8.99E-01,2.0799999
,,,8.99E-01,2.79999995,,,,,8.99E-01,2.0799999
,,,9.00E-01,2.79999995,,,,,9.00E-01,2.0799999
,,,9.00E-01,2.87999988,,,,,9.00E-01,2.0799999
,,,9.00E-01,2.87999988,,,,,9.00E-01,2.0799999
,,,9.01E-01,2.87999988,,,,,9.01E-01,2.1599998
,,,9.01E-01,2.87999988,,,,,9.01E-01,2.24
,,,9.02E-01,2.96000004,,,,,9.02E-01,2.24
,,,9.02E-01,2.96000004,,,,,9.02E-01,2.1599998
,,,9.02E-01,3.03999996,,,,,9.02E-01,2.24
,,,9.03E-01,2.96000004,,,,,9.03E-01,2.24
,,,9.03E-01,3.03999996,,,,,9.03E-01,2.24
,,,9.04E-01,2.96000004,,,,,9.04E-01,2.3199999
,,,9.04E-01,3.03999996,,,,,9.04E-01,2.3199999
,,,9.04E-01,3.03999996,,,,,9.04E-01,2.3199999
,,,9.05E-01,3.03999996,,,,,9.05E-01,2.3199999
,,,9.05E-01,3.11999989,,,,,9.05E-01,2.3199999
,,,9.06E-01,3.11999989,,,,,9.06E-01,2.3999999
,,,9.06E-01,3.11999989,,,,,9.06E-01,2.3199999
,,,9.06E-01,3.11999989,,,,,9.06E-01,2.3999999
,,,9.07E-01,3.19999981,,,,,9.07E-01,2.3999999
,,,9.07E-01,3.19999981,,,,,9.07E-01,2.48
,,,9.08E-01,3.19999981,,,,,9.08E-01,2.3999999
,,,9.08E-01,3.19999981,,,,,9.08E-01,2.48
,,,9.08E-01,3.19999981,,,,,9.08E-01,2.48
,,,9.09E-01,3.19999981,,,,,9.09E-01,2.48
,,,9.09E-01,3.27999997,,,,,9.09E-01,2.48
,,,9.10E-01,3.19999981,,,,,9.10E-01,2.48
,,,9.10E-01,3.3599999,,,,,9.10E-01,2.48
,,,9.10E-01,3.3599999,,,,,9.10E-01,2.48
,,,9.11E-01,3.27999997,,,,,9.11E-01,2.5599999
,,,9.11E-01,3.3599999,,,,,9.11E-01,2.5599999
,,,9.12E-01,3.3599999,,,,,9.12E-01,2.6399999
,,,9.12E-01,3.3599999,,,,,9.12E-01,2.6399999
,,,9.12E-01,3.43999982,,,,,9.12E-01,2.5599999
,,,9.13E-01,3.43999982,,,,,9.13E-01,2.72000003
,,,9.13E-01,3.43999982,,,,,9.13E-01,2.72000003
,,,9.14E-01,3.43999982,,,,,9.14E-01,2.72000003
,,,9.14E-01,3.43999982,,,,,9.14E-01,2.72000003
,,,9.14E-01,3.51999998,,,,,9.14E-01,2.72000003
,,,9.15E-01,3.51999998,,,,,9.15E-01,2.79999995
,,,9.15E-01,3.5999999,,,,,9.15E-01,2.79999995
,,,9.16E-01,3.51999998,,,,,9.16E-01,2.79999995
,,,9.16E-01,3.5999999,,,,,9.16E-01,2.79999995
,,,9.16E-01,3.51999998,,,,,9.16E-01,2.72000003
,,,9.17E-01,3.51999998,,,,,9.17E-01,2.72000003
,,,9.17E-01,3.51999998,,,,,9.17E-01,2.72000003
,,,9.18E-01,3.43999982,,,,,9.18E-01,2.72000003
,,,9.18E-01,3.43999982,,,,,9.18E-01,2.72000003
,,,9.18E-01,3.43999982,,,,,9.18E-01,2.72000003
,,,9.19E-01,3.43999982,,,,,9.19E-01,2.72000003
,,,9.19E-01,3.43999982,,,,,9.19E-01,2.6399999
,,,9.20E-01,3.3599999,,,,,9.20E-01,2.6399999
,,,9.20E-01,3.3599999,,,,,9.20E-01,2.5599999
,,,9.20E-01,3.3599999,,,,,9.20E-01,2.5599999
,,,9.21E-01,3.3599999,,,,,9.21E-01,2.5599999
,,,9.21E-01,3.3599999,,,,,9.21E-01,2.5599999
,,,9.22E-01,3.27999997,,,,,9.22E-01,2.5599999
,,,9.22E-01,3.27999997,,,,,9.22E-01,2.5599999
,,,9.22E-01,3.27999997,,,,,9.22E-01,2.48
,,,9.23E-01,3.27999997,,,,,9.23E-01,2.48
,,,9.23E-01,3.19999981,,,,,9.23E-01,2.3999999
,,,9.24E-01,3.19999981,,,,,9.24E-01,2.48
,,,9.24E-01,3.19999981,,,,,9.24E-01,2.3999999
,,,9.24E-01,3.19999981,,,,,9.24E-01,2.3999999
,,,9.25E-01,3.11999989,,,,,9.25E-01,2.3999999
,,,9.25E-01,3.11999989,,,,,9.25E-01,2.3999999
,,,9.26E-01,3.11999989,,,,,9.26E-01,2.3999999
,,,9.26E-01,3.11999989,,,,,9.26E-01,2.3999999
,,,9.26E-01,3.11999989,,,,,9.26E-01,2.3199999
,,,9.27E-01,3.03999996,,,,,9.27E-01,2.3199999
,,,9.27E-01,3.03999996,,,,,9.27E-01,2.3199999
,,,9.28E-01,3.03999996,,,,,9.28E-01,2.3199999
,,,9.28E-01,3.03999996,,,,,9.28E-01,2.24
,,,9.28E-01,3.03999996,,,,,9.28E-01,2.24
,,,9.29E-01,2.96000004,,,,,9.29E-01,2.24
,,,9.29E-01,2.96000004,,,,,9.29E-01,2.1599998
,,,9.30E-01,2.87999988,,,,,9.30E-01,2.24
,,,9.30E-01,2.96000004,,,,,9.30E-01,2.1599998
,,,9.30E-01,2.96000004,,,,,9.30E-01,2.1599998
,,,9.31E-01,2.87999988,,,,,9.31E-01,2.1599998
,,,9.31E-01,2.87999988,,,,,9.31E-01,2.1599998
,,,9.32E-01,2.87999988,,,,,9.32E-01,2.0799999
,,,9.32E-01,2.79999995,,,,,9.32E-01,2.0799999
,,,9.32E-01,2.79999995,,,,,9.32E-01,2.0799999
,,,9.33E-01,2.79999995,,,,,9.33E-01,2
,,,9.33E-01,2.72000003,,,,,9.33E-01,2.0799999
,,,9.34E-01,2.79999995,,,,,9.34E-01,2
,,,9.34E-01,2.72000003,,,,,9.34E-01,2
,,,9.34E-01,2.6399999,,,,,9.34E-01,2
,,,9.35E-01,2.72000003,,,,,9.35E-01,2
,,,9.35E-01,2.72000003,,,,,9.35E-01,1.92
,,,9.36E-01,2.6399999,,,,,9.36E-01,1.92
,,,9.36E-01,2.6399999,,,,,9.36E-01,1.8399999
,,,9.36E-01,2.6399999,,,,,9.36E-01,1.8399999
,,,9.37E-01,2.6399999,,,,,9.37E-01,1.8399999
,,,9.37E-01,2.6399999,,,,,9.37E-01,1.8399999
,,,9.38E-01,2.6399999,,,,,9.38E-01,1.8399999
,,,9.38E-01,2.5599999,,,,,9.38E-01,1.8399999
,,,9.38E-01,2.5599999,,,,,9.38E-01,1.8399999
,,,9.39E-01,2.5599999,,,,,9.39E-01,1.76
,,,9.39E-01,2.5599999,,,,,9.39E-01,1.76
,,,9.40E-01,2.48,,,,,9.40E-01,1.76
,,,9.40E-01,2.48,,,,,9.40E-01,1.76
,,,9.40E-01,2.3999999,,,,,9.40E-01,1.76
,,,9.41E-01,2.3999999,,,,,9.41E-01,1.76
,,,9.41E-01,2.3999999,,,,,9.41E-01,1.6799999
,,,9.42E-01,2.3999999,,,,,9.42E-01,1.5999999
,,,9.42E-01,2.3999999,,,,,9.42E-01,1.6799999
,,,9.42E-01,2.3999999,,,,,9.42E-01,1.5999999
,,,9.43E-01,2.3199999,,,,,9.43E-01,1.5999999
,,,9.43E-01,2.3199999,,,,,9.43E-01,1.5999999
,,,9.44E-01,2.3199999,,,,,9.44E-01,1.52
,,,9.44E-01,2.24,,,,,9.44E-01,1.52
,,,9.44E-01,2.24,,,,,9.44E-01,1.52
,,,9.45E-01,2.3199999,,,,,9.45E-01,1.52
,,,9.45E-01,2.24,,,,,9.45E-01,1.52
,,,9.46E-01,2.24,,,,,9.46E-01,1.4399999
,,,9.46E-01,2.24,,,,,9.46E-01,1.4399999
,,,9.46E-01,2.1599998,,,,,9.46E-01,1.4399999
,,,9.47E-01,2.1599998,,,,,9.47E-01,1.4399999
,,,9.47E-01,2.1599998,,,,,9.47E-01,1.4399999
,,,9.48E-01,2.1599998,,,,,9.48E-01,1.4399999
,,,9.48E-01,2.0799999,,,,,9.48E-01,1.36
,,,9.48E-01,2.0799999,,,,,9.48E-01,1.36
,,,9.49E-01,2.0799999,,,,,9.49E-01,1.36
,,,9.49E-01,2.0799999,,,,,9.49E-01,1.36
,,,9.50E-01,2,,,,,9.50E-01,1.36
,,,9.50E-01,2,,,,,9.50E-01,1.28
,,,9.50E-01,2,,,,,9.50E-01,1.28
,,,9.51E-01,2,,,,,9.51E-01,1.28
,,,9.51E-01,2,,,,,9.51E-01,1.1999999
,,,9.52E-01,1.92,,,,,9.52E-01,1.1999999
,,,9.52E-01,1.92,,,,,9.52E-01,1.1999999
,,,9.52E-01,1.92,,,,,9.52E-01,1.1999999
,,,9.53E-01,1.8399999,,,,,9.53E-01,1.1999999
,,,9.53E-01,1.8399999,,,,,9.53E-01,1.12
,,,9.54E-01,1.8399999,,,,,9.54E-01,1.12
,,,9.54E-01,1.8399999,,,,,9.54E-01,1.04
,,,9.54E-01,1.8399999,,,,,9.54E-01,1.04
,,,9.55E-01,1.8399999,,,,,9.55E-01,1.12
,,,9.55E-01,1.8399999,,,,,9.55E-01,1.04
,,,9.56E-01,1.76,,,,,9.56E-01,1.04
,,,9.56E-01,1.76,,,,,9.56E-01,1.04
,,,9.56E-01,1.6799999,,,,,9.56E-01,9.60E-01
,,,9.57E-01,1.6799999,,,,,9.57E-01,1.04
,,,9.57E-01,1.6799999,,,,,9.57E-01,9.60E-01
,,,9.58E-01,1.76,,,,,9.58E-01,9.60E-01
,,,9.58E-01,1.6799999,,,,,9.58E-01,9.60E-01
,,,9.58E-01,1.6799999,,,,,9.58E-01,9.60E-01
,,,9.59E-01,1.5999999,,,,,9.59E-01,9.60E-01
,,,9.59E-01,1.5999999,,,,,9.59E-01,8.80E-01
,,,9.60E-01,1.5999999,,,,,9.60E-01,8.00E-01
,,,9.60E-01,1.5999999,,,,,9.60E-01,8.80E-01
,,,9.60E-01,1.5999999,,,,,9.60E-01,8.00E-01
,,,9.61E-01,1.5999999,,,,,9.61E-01,8.00E-01
,,,9.61E-01,1.5999999,,,,,9.61E-01,8.00E-01
,,,9.62E-01,1.52,,,,,9.62E-01,8.00E-01
,,,9.62E-01,1.52,,,,,9.62E-01,8.00E-01
,,,9.62E-01,1.4399999,,,,,9.62E-01,7.20E-01
,,,9.63E-01,1.4399999,,,,,9.63E-01,7.20E-01
,,,9.63E-01,1.4399999,,,,,9.63E-01,7.20E-01
,,,9.64E-01,1.4399999,,,,,9.64E-01,7.20E-01
,,,9.64E-01,1.36,,,,,9.64E-01,7.20E-01
,,,9.64E-01,1.36,,,,,9.64E-01,6.40E-01
,,,9.65E-01,1.36,,,,,9.65E-01,6.40E-01
,,,9.65E-01,1.28,,,,,9.65E-01,6.40E-01
,,,9.66E-01,1.28,,,,,9.66E-01,5.60E-01
,,,9.66E-01,1.28,,,,,9.66E-01,5.60E-01
,,,9.66E-01,1.28,,,,,9.66E-01,5.60E-01
,,,9.67E-01,1.28,,,,,9.67E-01,5.60E-01
,,,9.67E-01,1.28,,,,,9.67E-01,5.60E-01
,,,9.68E-01,1.28,,,,,9.68E-01,5.60E-01
,,,9.68E-01,1.28,,,,,9.68E-01,4.80E-01
,,,9.68E-01,1.1999999,,,,,9.68E-01,4.80E-01
,,,9.69E-01,1.1999999,,,,,9.69E-01,4.80E-01
,,,9.69E-01,1.12,,,,,9.69E-01,4.80E-01
,,,9.70E-01,1.12,,,,,9.70E-01,4.00E-01
,,,9.70E-01,1.12,,,,,9.70E-01,4.00E-01
,,,9.70E-01,1.12,,,,,9.70E-01,4.00E-01
,,,9.71E-01,1.12,,,,,9.71E-01,3.20E-01
,,,9.71E-01,1.12,,,,,9.71E-01,3.20E-01
,,,9.72E-01,1.04,,,,,9.72E-01,3.20E-01
,,,9.72E-01,1.04,,,,,9.72E-01,3.20E-01
,,,9.72E-01,9.60E-01,,,,,9.72E-01,3.20E-01
,,,9.73E-01,9.60E-01,,,,,9.73E-01,3.20E-01
,,,9.73E-01,9.60E-01,,,,,9.73E-01,3.20E-01
,,,9.74E-01,9.60E-01,,,,,9.74E-01,2.40E-01
,,,9.74E-01,9.60E-01,,,,,9.74E-01,2.40E-01
,,,9.74E-01,9.60E-01,,,,,9.74E-01,2.40E-01
,,,9.75E-01,8.80E-01,,,,,9.75E-01,1.60E-01
,,,9.75E-01,8.80E-01,,,,,9.75E-01,1.60E-01
,,,9.76E-01,8.00E-01,,,,,9.76E-01,1.60E-01
,,,9.76E-01,8.00E-01,,,,,9.76E-01,1.60E-01
,,,9.76E-01,8.00E-01,,,,,9.76E-01,1.60E-01
,,,9.77E-01,8.00E-01,,,,,9.77E-01,1.60E-01
,,,9.77E-01,8.00E-01,,,,,9.77E-01,1.60E-01
,,,9.78E-01,7.20E-01,,,,,9.78E-01,1.60E-01
,,,9.78E-01,7.20E-01,,,,,9.78E-01,8.00E-02
,,,9.78E-01,7.20E-01,,,,,9.78E-01,8.00E-02
,,,9.79E-01,6.40E-01,,,,,9.79E-01,8.00E-02
,,,9.79E-01,6.40E-01,,,,,9.79E-01,8.00E-02
,,,9.80E-01,6.40E-01,,,,,9.80E-01,8.00E-02
,,,9.80E-01,5.60E-01,,,,,9.80E-01,8.00E-02
,,,9.80E-01,5.60E-01,,,,,9.80E-01,8.00E-02
,,,9.81E-01,5.60E-01,,,,,9.81E-01,8.00E-02
,,,9.81E-01,5.60E-01,,,,,9.81E-01,8.00E-02
,,,9.82E-01,4.80E-01,,,,,9.82E-01,8.00E-02
,,,9.82E-01,4.80E-01,,,,,9.82E-01,8.00E-02
,,,9.82E-01,4.80E-01,,,,,9.82E-01,8.00E-02
,,,9.83E-01,4.80E-01,,,,,9.83E-01,8.00E-02
,,,9.83E-01,4.00E-01,,,,,9.83E-01,8.00E-02
,,,9.84E-01,3.20E-01,,,,,9.84E-01,8.00E-02
,,,9.84E-01,3.20E-01,,,,,9.84E-01,0
,,,9.84E-01,3.20E-01,,,,,9.84E-01,8.00E-02
,,,9.85E-01,2.40E-01,,,,,9.85E-01,8.00E-02
,,,9.85E-01,2.40E-01,,,,,9.85E-01,8.00E-02
,,,9.86E-01,2.40E-01,,,,,9.86E-01,8.00E-02
,,,9.86E-01,1.60E-01,,,,,9.86E-01,8.00E-02
,,,9.86E-01,1.60E-01,,,,,9.86E-01,8.00E-02
,,,9.87E-01,8.00E-02,,,,,9.87E-01,8.00E-02
,,,9.87E-01,8.00E-02,,,,,9.87E-01,8.00E-02
,,,9.88E-01,0,,,,,9.88E-01,8.00E-02
,,,9.88E-01,0,,,,,9.88E-01,8.00E-02
,,,9.88E-01,0,,,,,9.88E-01,8.00E-02
,,,9.89E-01,0,,,,,9.89E-01,8.00E-02
,,,9.89E-01,-8.00E-02,,,,,9.89E-01,8.00E-02
,,,9.90E-01,-1.60E-01,,,,,9.90E-01,8.00E-02
,,,9.90E-01,-1.60E-01,,,,,9.90E-01,8.00E-02
,,,9.90E-01,-1.60E-01,,,,,9.90E-01,8.00E-02
,,,9.91E-01,-1.60E-01,,,,,9.91E-01,8.00E-02
,,,9.91E-01,-1.60E-01,,,,,9.91E-01,8.00E-02
,,,9.92E-01,-1.60E-01,,,,,9.92E-01,8.00E-02
,,,9.92E-01,-2.40E-01,,,,,9.92E-01,8.00E-02
,,,9.92E-01,-2.40E-01,,,,,9.92E-01,8.00E-02
,,,9.93E-01,-3.20E-01,,,,,9.93E-01,8.00E-02
,,,9.93E-01,-3.20E-01,,,,,9.93E-01,8.00E-02
,,,9.94E-01,-3.20E-01,,,,,9.94E-01,8.00E-02
,,,9.94E-01,-4.00E-01,,,,,9.94E-01,8.00E-02
,,,9.94E-01,-4.00E-01,,,,,9.94E-01,8.00E-02
,,,9.95E-01,-4.00E-01,,,,,9.95E-01,8.00E-02
,,,9.95E-01,-4.80E-01,,,,,9.95E-01,8.00E-02
,,,9.96E-01,-5.60E-01,,,,,9.96E-01,8.00E-02
,,,9.96E-01,-5.60E-01,,,,,9.96E-01,8.00E-02
,,,9.96E-01,-5.60E-01,,,,,9.96E-01,8.00E-02
,,,9.97E-01,-5.60E-01,,,,,9.97E-01,0
,,,9.97E-01,-6.40E-01,,,,,9.97E-01,8.00E-02
,,,9.98E-01,-6.40E-01,,,,,9.98E-01,8.00E-02
,,,9.98E-01,-6.40E-01,,,,,9.98E-01,0
,,,9.98E-01,-7.20E-01,,,,,9.98E-01,8.00E-02
,,,9.99E-01,-7.20E-01,,,,,9.99E-01,8.00E-02
,,,9.99E-01,-8.00E-01,,,,,9.99E-01,8.00E-02
,,,1.00E+00,-8.00E-01,,,,,1.00E+00,8.00E-02
